pid,name,series_played,matches_played,NOI,total_runs,total_ballfaced,total_fours,total_sixes,total_oers,total_maiden_overs,total_runs_given,total_wickets_taken
3243,M S Dhoni,54,222,54,7463,8351,590,168,0,0,0,0
2191,Abdul Razzaq,34,121,30,2679,2967,214,73,839.8,46,4056,111
3644,R A Jadeja,30,100,27,1488,1701,118,28,900.8,33,4436,120
2129,Mohammad Yousuf,40,144,26,5330,6811,438,57,0,0,0,0
2879,Shoaib Malik,55,188,26,4983,5940,386,86,859.0,26,4137,93
1169,Javed Miandad,34,93,25,3104,4366,195,27,37,1,184,2
1794,Inzamam-ul-Haq,45,157,24,4908,6592,425,55,8.4,1,54,3
2138,Harbhajan Singh,31,120,23,761,925,55,24,1100.3,40,4931,141
3600,V Kohli,41,164,23,8628,9088,817,98,75.2,1,471,4
2262,Misbah-ul-Haq,32,111,21,3395,4710,220,48,4,0,30,0
1959,Waqar Younis,29,89,20,198,340,12,3,711.1,50,3340,136
109,M Azharuddin,35,130,20,3714,4880,264,34,20.3,0,149,2
928,Imran Khan,24,67,19,1242,1642,74,15,529.3,59,2164,71
3591,Saeed Ajmal,25,86,19,246,437,16,0,772.1,40,3240,132
2245,Z Khan,26,106,19,518,761,41,18,901.9,66,4595,132
1070,Saleem Malik,37,116,19,3040,3906,233,15,198.6,6,976,39
3287,S K Raina,36,142,18,3649,3970,300,76,262.4,2,1341,29
2949,Yuvraj Singh,41,160,18,5060,5702,555,97,453.5,6,2469,57
3474,R G Sharma,41,139,18,5903,6434,531,180,65.5,2,321,5
791,C L Hooper,11,45,17,1358,1521,101,21,295.8,12,1386,32
3821,Mohammad Irfan,15,50,17,42,114,5,0,439.7,26,2195,69
2060,R Dravid,38,154,17,5278,7172,471,27,12,1,68,3
2124,Shoaib Akhtar,28,77,16,182,248,15,3,627.2,37,3201,117
962,A Kumble,30,93,16,298,504,21,2,826.6,34,3624,106
443,Kapil Dev,32,104,16,1745,1837,139,38,841.1,100,3278,109
3210,K D Karthik,19,49,15,985,1245,89,10,0,0,0,0
3513,Sarfaraz Ahmed,25,82,15,1731,1899,134,9,2,0,15,0
29,Wasim Akram,39,118,15,1141,1232,78,46,979.4,70,3961,164
1735,S R Tendulkar,53,194,15,7148,8259,859,72,557.5,10,2996,63
1570,R J Shastri,22,72,14,1859,2754,144,14,501.2,25,2336,59
1665,J Srinath,23,90,14,257,323,23,5,797.2,60,3553,139
931,Moin Khan,24,81,14,1099,1343,85,21,0,0,0,0
2152,Shahid Afridi,60,203,14,4119,3279,378,172,1651.4,41,7637,229
3065,J M Anderson,9,41,13,52,109,3,0,344.8,33,1688,55
4033,K M Jadhav,17,54,13,1205,1162,127,20,144.5,0,780,18
3156,I K Pathan,20,62,13,877,1126,82,25,515.7,27,2688,88
3855,Junaid Khan,22,59,13,57,88,4,1,466.0,23,2566,83
3056,Kamran Akmal,30,116,13,2369,2733,280,28,0,0,0,0
3100,Umar Gul,30,86,13,298,444,23,9,692.1,45,3688,117
708,C Z Harris,10,35,12,592,804,40,8,231.5,12,948,31
3628,A D Mathews,12,48,12,1604,1903,127,31,260.2,17,1204,27
4423,Imad Wasim,12,39,12,749,696,66,15,303.1,6,1487,32
3348,L R P L Taylor,13,53,12,2096,2503,165,27,0,0,0,0
3352,M M Patel,15,43,12,38,55,4,2,314.6,20,1658,49
18,Mushtaq Ahmed,19,49,12,126,190,7,0,418.6,18,1737,51
3993,Mohammed Shami,19,55,12,95,126,7,3,476.0,29,2704,99
854,A Jadeja,20,67,12,1944,2929,141,29,77.3,1,429,4
2032,Saqlain Mushtaq,21,61,12,235,441,15,2,527.8,29,2247,104
477,P J L Dujon,9,35,11,374,484,26,5,0,0,0,0
3147,K M D N Kulasekara,12,34,11,258,430,15,4,282.4,20,1451,45
4069,A T Rayudu,13,41,11,1375,1725,123,22,16,1,98,3
3241,A B de Villiers,14,54,11,2385,2417,212,52,0,0,0,0
986,Rashid Latif,18,53,11,603,808,39,5,0,0,0,0
2113,Azhar Mahmood,20,51,11,447,628,32,10,358.6,16,1635,32
3991,B Kumar,25,80,11,476,615,42,6,650.9,46,3433,88
2211,Younis Khan,45,157,11,4627,6088,379,31,23.1,0,162,1
1608,Maninder Singh,11,34,10,29,61,1,0,313.1,19,1327,31
2043,J H Kallis,12,45,10,1551,2063,127,18,263.1,10,1334,50
2090,D L Vettori,12,45,10,320,350,25,0,328.3,13,1511,41
3468,Fawad Alam,12,32,10,713,1009,44,1,43,0,235,3
1433,A Ranatunga,14,44,10,1127,1374,68,7,176,2,823,17
2168,A Nehra,14,46,10,49,113,3,1,371.7,18,2193,62
1960,Saleem Yousuf,16,38,10,218,334,11,2,0,0,0,0
2213,M Kaif,16,67,10,1339,1907,108,1,0,0,0,0
2159,A B Agarkar,25,88,10,694,800,67,11,740.4,45,3870,134
3721,Umar Akmal,25,87,10,2122,2549,172,35,0,0,0,0
3101,Mohammad Hafeez,44,157,10,4990,6355,499,89,925.0,36,3924,97
3228,D J G Sammy,6,26,9,330,340,22,16,161.0,8,776,14
3611,K A J Roach,6,23,9,137,248,12,3,199.5,10,1079,23
3550,Y K Pathan,8,33,9,632,521,46,35,138.8,1,773,26
3416,E J G Morgan,10,37,9,1299,1442,105,33,0,0,0,0
3178,S L Malinga,12,42,9,170,206,14,8,363.9,18,2106,43
3542,T G Southee,12,35,9,265,258,20,12,306.9,13,1761,48
3514,P Kumar,13,38,9,227,239,20,6,285.5,19,1514,35
2158,R R Singh,14,43,9,758,926,53,16,194.9,7,978,23
3102,Naved-ul-Hasan,14,46,9,332,368,23,12,367.5,17,2095,76
1392,M M Prabhakar,16,51,9,928,1515,79,0,411.6,21,1826,59
3231,Iftikhar Anjum,18,40,9,122,218,8,1,319.6,20,1590,51
3502,Sohail Tanvir,18,52,9,320,376,37,6,420.7,21,2167,59
3788,R Ashwin,20,70,9,429,484,40,5,637.1,19,3179,94
2264,Mohammad Sami,22,53,9,212,297,13,6,450.0,23,2469,78
3529,Wahab Riaz,22,57,9,431,539,30,15,446.3,12,2523,68
15,Ijaz Ahmed,28,76,9,2196,2698,179,31,31.0,0,139,3
2059,S C Ganguly,32,122,9,4465,5985,479,70,349.7,18,1762,49
2707,B J Haddin,6,24,8,517,606,57,8,0,0,0,0
3170,P Utseya,6,14,8,170,254,13,0,122,2,648,10
2180,C D Collymore,7,21,8,27,100,2,0,169.6,12,699,25
212,I T Botham,8,21,8,344,366,27,10,194.1,14,790,25
1219,D K Morrison,8,28,8,34,81,2,0,226.1,16,1006,47
944,S M H Kirmani,11,28,8,136,267,4,0,0,0,0,0
181,R M H Binny,12,27,8,308,482,23,1,155.0,13,845,23
3332,R P Singh,13,39,8,77,181,3,1,287.8,17,1606,44
1051,S Madan Lal,14,39,8,239,351,19,2,295.6,20,1343,31
1978,N R Mongia,14,47,8,434,668,35,1,0,0,0,0
1561,C Sharma,15,31,8,152,181,9,1,226.0,9,1137,25
2055,B K V Prasad,15,47,8,63,96,3,3,384.8,21,1878,54
4652,Kuldeep Yadav,15,45,8,103,170,10,0,404.6,8,2144,87
1009,C C Lewis,4,15,7,129,135,7,1,135.1,6,623,16
3930,J P Faulkner,5,20,7,409,370,25,16,160.8,2,1001,23
1969,R S Kalpage,6,16,7,209,322,6,2,136,4,595,17
3434,S C J Broad,6,29,7,154,189,11,3,247.4,16,1339,42
2039,S M Pollock,7,31,7,457,545,38,10,291.6,44,1010,52
3641,L L Tsotsobe,7,24,7,27,53,3,1,214.4,20,971,40
2973,P D Collingwood,8,41,7,1122,1410,92,12,161,2,862,14
1030,A L Logie,9,37,7,653,963,49,0,1,0,1,0
4083,M K Pandey,9,25,7,484,520,41,4,0,0,0,0
1209,K S More,10,31,7,218,327,18,0,0,0,0,0
1565,Yashpal Sharma,10,25,7,428,670,22,4,30.3,0,187,1
1752,H P Tillakaratne,10,26,7,426,637,15,2,0,0,0,0
3245,Mohammad Asif,10,29,7,34,98,2,0,256.4,26,1145,36
4412,Mohammad Rizwan,10,32,7,705,787,61,6,0,0,0,0
1074,S V Manjrekar,12,26,7,755,1042,53,2,0.3,0,4,0
3327,S Sreesanth,13,35,7,30,86,2,0,287.7,15,1753,54
4062,J J Bumrah,13,46,7,17,34,2,1,395.7,24,1832,74
4425,Babar Azam,14,52,7,2405,2739,199,22,0,0,0,0
3470,I Sharma,15,42,7,31,77,2,0,335.4,15,2055,56
2197,T M Dilshan,16,66,7,2365,2701,279,10,165.7,0,907,10
3786,U T Yadav,17,42,7,70,107,7,1,349.4,9,2200,65
869,Aaqib Javed,19,54,7,83,128,7,1,440.4,31,1897,68
3016,N M Hauritz,4,17,6,130,124,6,5,149.4,8,690,16
9,J C Adams,5,16,6,265,474,14,0,41,2,199,5
3605,S R Patel,5,22,6,363,377,27,10,127.1,2,770,14
1560,A K Sharma,6,15,6,306,307,25,6,79,1,361,4
3745,R A S Lakmal,6,15,6,47,82,4,0,117.3,7,616,19
1445,Akram Raza,7,20,6,103,159,4,2,161.3,7,537,19
3924,T A Boult,7,23,6,49,51,5,2,213.2,17,1081,44
855,Salim Jaffer,8,25,6,21,38,0,0,201.6,10,876,28
1090,M D Marshall,8,25,6,162,173,17,2,192.5,21,711,23
503,Manzoor Elahi,9,27,6,404,428,30,10,130.4,6,566,15
593,M W Gatting,9,27,6,762,1035,62,5,30,1,166,5
3167,E Chigumbura,9,29,6,768,917,59,12,97,4,516,9
3898,Yasir Shah,9,24,6,114,126,8,1,207.3,4,1090,24
3998,J O Holder,9,29,6,490,564,33,11,235.5,12,1327,29
4579,Hasan Ali,10,37,6,220,202,14,12,300.5,12,1698,62
4310,A R Patel,11,33,6,179,179,8,8,289.9,12,1293,43
2255,M N Samuels,12,53,6,1727,2350,167,39,194.0,6,974,17
3698,Mohammad Amir,12,37,6,270,303,25,8,310.3,18,1514,46
23,Tausif Ahmed,14,34,6,73,92,2,0,253.5,16,1108,31
1408,Abdul Qadir,14,39,6,247,303,17,8,282.9,14,1212,41
595,S M Gavaskar,17,49,6,1391,2094,112,10,1.6,0,18,1
1813,D B Vengsarkar,21,63,6,1866,2578,141,15,1,0,4,0
3107,G Gambhir,23,87,6,2806,3277,317,8,1,0,13,0
1258,Mudassar Nazar,24,55,6,1226,2262,89,1,354.3,17,1626,51
3832,S Dhawan,26,95,6,3645,3847,475,40,0,0,0,0
2002,M G Bevan,3,11,5,404,509,30,1,13,0,99,1
3861,A Martin,3,8,5,9,25,0,0,69,4,282,11
2205,B Lee,4,10,5,27,30,1,1,75.4,4,379,10
3160,M E K Hussey,4,15,5,733,774,52,9,6,0,46,0
3180,Abdur Razzak,4,11,5,81,120,9,0,86.5,4,446,9
3736,R McLaren,4,14,5,162,209,14,3,109.8,2,539,25
4389,M P Stoinis,4,17,5,395,471,34,10,101.9,0,636,10
3329,J Botha,5,21,5,206,226,19,0,165.0,2,851,15
1444,J R Ratnayeke,6,19,5,141,309,6,1,120.2,2,692,17
1991,G R Larsen,6,26,5,126,225,5,3,232.5,14,878,29
2107,D S Mohanty,6,15,5,5,8,0,0,109,7,534,20
2710,A J Hall,6,16,5,208,282,22,2,112.2,5,532,15
3334,M G Johnson,6,23,5,148,167,14,4,199.3,9,1017,42
4271,M M Ali,6,20,5,323,299,25,10,163.6,0,860,14
4653,Shadab Khan,6,26,5,258,377,15,3,212.4,5,989,39
394,M D Crowe,7,22,5,836,1071,67,7,34.1,1,161,6
1162,L R D Mendis,7,22,5,479,596,31,2,0,0,0,0
3545,B A W Mendis,7,19,5,48,98,2,1,164.2,10,841,30
2121,Arshad Khan,8,17,5,42,67,2,0,136.1,7,552,19
2220,R R Sarwan,8,31,5,1344,1779,91,17,3,0,24,1
2223,C R D Fernando,8,22,5,46,61,5,1,184.7,12,1069,28
2811,J D P Oram,8,27,5,286,378,19,6,218.0,22,893,34
3238,K P Pietersen,8,37,5,1559,1801,171,21,23.5,0,140,3
3695,Anwar Ali,8,21,5,300,331,27,7,149.9,1,921,18
2116,M V Boucher,9,38,5,550,686,36,11,0,0,0,0
3166,D J J Bravo,9,32,5,508,611,41,8,215.4,5,1282,37
3783,D A Miller,9,32,5,504,609,45,6,0,0,0,0
3932,T W M Latham,9,31,5,928,1018,81,9,0,0,0,0
1470,I V A Richards,10,36,5,1073,1023,93,27,174,7,807,34
1476,R B Richardson,10,40,5,1305,1933,133,10,3,0,15,1
3008,B B McCullum,10,40,5,808,914,83,18,0,0,0,0
3164,R R Powar,10,28,5,163,260,12,2,238.6,5,1126,31
3207,I R Bell,10,35,5,1298,1624,139,8,2,0,10,0
3208,J-P Duminy,10,34,5,989,1213,59,11,90,1,523,7
1843,C A Walsh,11,46,5,24,66,0,1,395.5,43,1473,44
63,M Amarnath,12,31,5,712,1233,40,2,185.5,3,924,16
135,Wasim Bari,12,24,5,88,200,4,0,0,0,0,0
1254,Sarfraz Nawaz,12,18,5,66,108,5,0,138.6,20,511,26
1234,M Muralitharan,13,38,5,117,131,13,1,342.2,21,1539,51
1979,S Chanderpaul,13,44,5,1438,1883,135,12,24.2,0,136,2
1419,Wasim Raja,14,29,5,385,572,28,7,87.6,2,393,11
81,Saeed Anwar,23,70,5,2246,2900,247,17,12.8,2,55,3
1454,D A Reeve,2,8,4,74,89,7,0,63.5,2,316,3
2081,L Klusener,2,9,4,151,163,16,3,30.2,0,178,4
2996,S E Bond,2,6,4,56,48,3,3,52.2,5,236,7
4574,M V T Fernando,2,6,4,27,44,3,0,39.3,4,247,3
95,K L T Arthurton,3,13,4,249,335,19,1,10,0,61,2
221,J G Bracewell,3,10,4,95,92,8,0,78,3,351,6
392,W J Cronje,3,13,4,371,416,31,6,84.6,2,410,11
1399,C Pringle,3,12,4,41,58,3,1,89,3,393,12
1484,G M Ritchie,3,8,4,265,312,19,6,0,0,0,0
2017,B C Strang,3,7,4,33,54,2,1,60,5,224,10
2033,Mohammad Akram,3,7,4,2,8,0,0,58,2,256,6
2927,L Vincent,3,13,4,278,451,25,1,0.2,0,3,0
3914,N Pradeep,3,8,4,3,16,0,0,60.2,5,366,6
3951,F Behardien,3,11,4,259,282,17,6,24,0,142,2
4339,K Rabada,3,15,4,44,63,5,1,132.9,5,698,20
4609,L H Ferguson,3,11,4,24,36,1,0,96.2,1,523,21
209,A R Border,4,12,4,340,446,28,1,14,1,95,3
556,N A Foster,4,12,4,32,49,2,0,96.5,3,384,17
707,R A Harper,4,17,4,110,151,7,4,140,5,592,14
1251,D J Nash,4,14,4,87,135,4,0,99.5,3,490,8
1799,Ata-Ur-Rehman,4,13,4,24,48,2,0,99,2,419,10
2066,A R Whittall,4,10,4,44,63,3,0,81,3,383,8
2177,U D U Chandana,4,12,4,99,151,10,0,60,0,372,8
2239,Khaled Mashud,4,12,4,179,275,15,1,0,0,0,0
2625,H K Badani,4,17,4,416,484,30,5,7,0,36,0
2975,T Taibu,4,18,4,347,515,20,2,0,0,0,0
3922,S P Narine,4,14,4,88,120,10,4,123,6,577,12
79,S D Anurasiri,5,8,4,10,34,0,0,49,1,232,6
1067,A Malhotra,5,12,4,332,412,20,0,1,1,0,0
1647,M C Snedden,5,15,4,33,52,1,0,116.5,10,467,20
1870,W Watson,5,14,4,14,34,2,0,115.7,9,468,16
2906,G P Swann,5,19,4,100,93,11,1,160,5,767,27
3775,S T Finn,5,19,4,38,68,1,1,179.9,11,840,33
3909,P J Cummins,5,19,4,44,62,3,0,175.6,12,852,30
3936,C de Grandhomme,5,14,4,233,180,23,9,100,3,503,11
3996,K W Richardson,5,13,4,40,25,6,1,118.2,3,650,23
1734,R W Taylor,6,10,4,44,105,1,0,0,0,0,0
2005,P A Strang,6,13,4,166,262,11,0,83,4,415,5
3017,S R Watson,6,24,4,930,1109,95,20,119.8,2,701,20
3460,R S Bopara,6,25,4,666,803,52,9,42.1,2,266,1
3685,N L McCullum,6,20,4,277,273,22,7,144.5,2,732,12
3883,B A Stokes,6,22,4,590,621,42,21,94,0,621,10
4429,M J Santner,6,21,4,198,260,13,4,165,2,781,15
4509,H M Nicholls,6,21,4,604,776,58,2,0,0,0,0
4654,Fakhar Zaman,6,26,4,1331,1349,155,19,12,0,61,1
100,M S Atapattu,7,25,4,786,1083,65,0,0.3,0,4,0
1319,C S Pandit,7,21,4,167,226,9,0,0,0,0,0
1443,R J Ratnayake,7,19,4,169,169,17,4,143.9,8,704,24
2995,Mashrafe Mortaza,7,20,4,256,265,20,11,169,8,945,25
3285,D Ramdin,7,23,4,453,574,37,6,0,0,0,0
2000,W P U J C Vaas,8,25,4,182,265,14,2,189.8,16,868,21
2899,S B Styris,8,30,4,640,835,62,7,174.3,13,823,27
3888,J C Buttler,8,23,4,642,521,47,31,0,0,0,0
4137,K L Rahul,8,22,4,818,891,62,19,0,0,0,0
120,Sikander Bakht,9,13,4,24,59,3,0,92.6,4,412,14
3451,M Morkel,9,27,4,61,83,4,3,228.4,10,1009,44
3779,L D Chandimal,9,33,4,723,1049,51,9,0,0,0,0
4028,M M Sharma,9,16,4,23,46,4,0,113.1,7,670,16
1977,S P Fleming,10,41,4,1208,1759,117,4,0,0,0,0
4225,Haris Sohail,10,26,4,1116,1307,90,17,80,0,450,8
734,D L Haynes,11,45,4,1657,2484,139,13,0,0,0,0
908,V G Kambli,11,37,4,949,1398,73,4,0,0,0,0
979,B C Lara,11,39,4,1123,1566,108,11,0,0,0,0
2031,Saleem Elahi,11,31,4,1055,1448,112,4,1,0,10,0
3355,R V Uthappa,11,27,4,665,633,82,16,0.2,0,0,0
3446,Abdur Rehman,13,23,4,120,229,10,1,205.4,8,850,23
432,P A de Silva,14,44,4,1281,1659,65,15,73.2,0,331,14
1591,N S Sidhu,17,50,4,1698,2528,145,13,0,0,0,0
1418,Ramiz Raja,24,80,4,2263,3415,215,8,0,0,0,0
2649,D J Callaghan,1,7,3,114,169,8,1,29,0,118,2
508,R M Ellison,2,6,3,33,42,0,0,43,1,212,2
629,H M Goonatillake,2,5,3,31,58,0,0,0,0,0,0
3435,M H Yardy,2,6,3,39,62,2,0,46,1,219,7
3772,J C Tredwell,2,8,3,59,66,6,2,72,4,323,14
3831,J W Hastings,2,5,3,2,3,0,0,48,2,259,12
4588,A L Phehlukwayo,2,10,3,167,192,13,8,69.8,2,378,11
348,J V Coney,3,9,3,190,217,16,2,40,1,157,3
468,P R Downton,3,7,3,104,126,7,0,0,0,0,0
1748,S A Thomson,3,14,3,364,516,28,3,67.6,5,313,11
1762,A J Traicos,3,5,3,11,26,0,0,46,1,220,3
2016,S V Carlisle,3,12,3,263,395,17,0,0,0,0,0
2263,J E C Franklin,3,12,3,281,328,27,5,69,4,346,8
3463,A C Voges,3,12,3,252,327,20,1,19,0,112,2
3543,S J Benn,3,9,3,24,36,3,0,76,1,369,5
3859,A R Nurse,3,11,3,172,162,18,4,98,0,497,13
4226,Zulfiqar Babar,3,5,3,35,40,2,1,49,1,246,4
4335,P L S Gamage,3,9,3,4,27,0,0,67,3,392,9
4798,Shaheen Shah Afridi,3,10,3,27,38,2,1,80.5,3,486,20
129,E A E Baptiste,4,16,3,56,68,2,0,145,11,652,15
405,A Dalpat,4,7,3,61,85,7,0,0,0,0,0
590,J Garner,4,9,3,4,6,0,0,74,12,255,8
758,G A Hick,4,17,3,619,692,42,10,10.2,0,56,2
1024,C H Lloyd,4,11,3,140,171,3,3,0,0,0,0
1198,Mushtaq Mohammad,4,7,3,120,189,7,0,0,0,0,0
1298,C M Old,4,8,3,80,91,5,1,66.8,5,285,11
1750,G P Thorpe,4,11,3,345,473,24,0,4,0,15,2
1971,H D P K Dharmasena,4,10,3,19,29,1,0,87,2,371,9
2069,Shahid Nazir,4,8,3,5,11,1,0,68,0,332,12
2094,A Kuruvilla,4,16,3,24,39,1,1,123.1,13,585,17
2098,R P Arnold,4,15,3,325,433,30,3,19.4,0,109,1
2252,D Kaneria,4,8,3,3,6,0,0,61,1,334,4
3113,C S Baugh,4,15,3,160,238,10,1,0,0,0,0
3126,T Thushara,4,15,3,214,224,19,3,115.4,5,566,25
3172,S H T Kandamby,4,14,3,432,562,39,0,7,0,65,0
3351,P P Chawla,4,12,3,28,45,2,0,98,2,499,12
3735,C J McKay,4,14,3,36,44,5,1,118.6,7,631,24
3823,C A Ingram,4,15,3,325,417,32,2,1,0,17,0
3929,G J Bailey,4,17,3,848,867,65,20,0,0,0,0
3955,Rahat Ali,4,9,3,1,10,0,0,69.1,0,466,11
4726,A T Carey,4,16,3,283,314,29,2,0,0,0,0
185,I R Bishop,5,17,3,57,110,1,0,135.5,8,649,25
317,E J Chatfield,5,12,3,1,7,0,0,103,11,445,8
425,P A J De Freitas,5,19,3,74,91,4,2,179.5,19,717,18
625,H A Gomes,5,17,3,240,436,8,1,39.2,0,239,10
682,R J Hadlee,5,9,3,122,174,12,1,69.4,8,279,14
885,A H Jones,5,17,3,576,1030,40,1,2,0,6,0
1054,R S Madugalle,5,16,3,273,329,14,9,0,0,0,0
1823,S Viswanath,5,12,3,56,91,5,0,0,0,0,0
2097,M V Dillon,5,15,3,42,94,0,0,133.1,8,646,27
2118,C D McMillan,5,22,3,728,937,68,9,24.2,0,140,3
2154,R D Jacobs,5,19,3,138,234,9,1,0,0,0,0
2194,G B Brent,5,11,3,61,101,4,0,94.2,8,545,5
2946,Yasir Arafat,5,9,3,43,68,2,1,57,2,303,2
3057,L Balaji,5,13,3,87,84,8,3,96.7,2,627,11
3396,T T Bresnan,5,20,3,175,197,19,0,173.0,9,994,26
3852,D Bishoo,5,18,3,75,126,8,0,157.5,4,729,20
3885,N M Lyon,5,14,3,19,14,2,1,138,4,698,12
4420,D J Willey,5,15,3,103,102,5,3,114,4,619,18
77,Naved Anjum,6,11,3,112,147,7,1,69,2,304,7
427,A L F De Mel,6,19,3,177,162,6,2,123.6,11,687,7
1425,C P H Ramanayake,6,13,3,41,79,3,0,98.2,15,377,17
2219,D R Tuffey,6,23,3,49,89,4,0,205.5,21,897,38
2970,A Nel,6,17,3,31,34,2,1,149.2,12,662,25
3067,M J Clarke,6,21,3,907,1158,73,4,45.1,4,201,8
3149,R Rampaul,6,15,3,145,161,13,7,130.9,8,701,31
3171,M F Maharoof,6,22,3,396,453,37,7,155.7,4,933,25
3642,W D Parnell,6,11,3,197,244,18,3,85.4,2,531,12
69,P K Amre,7,21,3,304,419,24,2,0.2,0,4,0
907,Mohsin Kamal,7,15,3,26,37,2,0,112.3,4,579,14
1422,S L V Raju,7,14,3,5,8,0,0,125.5,3,527,19
1995,D Gough,7,22,3,77,111,4,1,195.4,11,945,28
2137,M Ntini,7,29,3,43,68,5,1,248.9,20,1123,50
2866,Shabbir Ahmed,7,20,3,7,21,0,0,179.2,16,849,20
2991,C K Langeveldt,7,17,3,36,37,5,0,138.3,5,736,18
3782,R Vinay Kumar,7,22,3,62,97,4,2,160.8,14,1013,24
3981,J E Root,7,27,3,1296,1467,113,10,39,0,224,1
4257,M J Henry,7,13,3,111,91,9,7,123.2,6,615,31
971,A J Lamb,8,23,3,857,1123,58,6,0,0,0,0
1986,H H Streak,8,23,3,300,370,22,6,197.1,11,943,32
2148,A Flintoff,8,32,3,848,924,79,25,240.6,15,1050,41
280,C L Cairns,9,39,3,1029,1158,71,35,280.1,19,1351,32
648,C G Greenidge,9,29,3,1255,1758,93,35,0,0,0,0
1334,A C Parore,9,31,3,507,769,24,7,0,0,0,0
3969,G J Maxwell,9,37,3,1346,1070,123,50,140.7,3,813,10
2959,D Mongia,10,28,3,757,990,79,6,52.3,0,330,7
3236,H M Amla,10,41,3,1689,1917,174,5,0,0,0,0
3340,C K Kapugedera,10,30,3,553,813,46,5,0,0,0,0
4399,H H Pandya,10,38,3,626,573,44,26,271.5,3,1491,40
1231,Asif Mujtaba,11,28,3,339,555,18,0,51,1,266,1
3633,M J Guptill,13,49,3,1770,2100,185,39,1,0,6,2
4063,Y S Chahal,13,39,3,44,79,6,0,344.3,12,1712,73
3816,Azhar Ali,14,45,3,1570,2079,143,11,43,0,260,4
3,Zaheer Abbas,15,32,3,1521,1547,133,15,24,0,133,5
1201,Shoaib Mohammad,16,32,3,669,1212,57,2,54,0,275,5
2878,V Sehwag,30,113,3,4053,3848,547,66,304.1,4,1702,43
567,A R C Fraser,1,2,2,4,4,0,0,22,4,75,1
2048,R J Kennedy,1,2,2,7,7,1,0,12,0,71,1
2207,P C Strydom,1,4,2,2,8,0,0,32,0,167,1
2630,A C Bedade,1,4,2,77,86,9,0,0,0,0,0
2645,B S Browne,1,3,2,8,23,0,0,22,0,118,2
2660,N A David,1,3,2,9,10,0,0,24,1,97,4
2684,U N K Fernando,1,2,2,22,25,2,0,0,0,0,0
2705,Haafiz Shahid,1,2,2,9,11,0,0,18.1,1,95,3
2960,Mohammed Sharif,1,3,2,11,25,1,0,25.8,3,139,5
2986,J S Foster,1,5,2,27,51,0,0,0,0,0,0
3282,C T Tremlett,1,2,2,19,10,1,1,17,0,130,2
3516,U W M B C A Welegedara,1,3,2,3,5,0,0,27,1,151,5
3597,N O Miller,1,3,2,17,20,1,0,30,0,158,3
3643,C J Ferguson,1,5,2,94,134,9,0,0,0,0,0
3701,Zulqarnain Haider,1,4,2,48,68,3,0,0,0,0,0
3884,J W A Taylor,1,4,2,149,173,10,5,0,0,0,0
4319,L M Jongwe,1,3,2,20,23,2,0,24,2,125,2
4592,K O K Williams,1,3,2,3,7,0,0,28,0,138,1
4636,L Ngidi,1,4,2,10,9,2,0,33,2,204,8
4719,B Muzarabani,1,4,2,6,36,1,0,32,1,204,2
4817,H E van der Dussen,1,5,2,241,316,16,6,0,0,0,0
278,A R Caddick,2,5,2,14,31,1,0,49,5,236,6
601,K D Ghavri,2,5,2,15,34,0,0,42,2,173,7
656,A W Greig,2,4,2,72,67,5,1,24.5,0,130,3
684,Azeem Hafeez,2,5,2,28,44,4,0,43.9,1,206,4
946,P N Kirsten,2,10,2,305,495,19,3,3,0,23,1
1055,A W R Madurasinghe,2,4,2,9,34,1,0,27,3,153,0
1108,C R Matthews,2,9,2,12,18,0,0,89,9,359,12
1242,J R Murray,2,7,2,21,34,0,1,0,0,0,0
1260,Mohammed Nazir,2,3,2,2,8,0,0,28,3,89,3
1465,J N Rhodes,2,12,2,319,439,24,5,0,0,0,0
1970,P B Dassanayake,2,5,2,39,51,2,0,0,0,0,0
2019,H K Olonga,2,6,2,47,40,5,3,44,0,307,3
2057,R C Irani,2,4,2,62,81,2,1,14,0,90,1
2096,K S C de Silva,2,5,2,3,4,0,0,38.5,0,199,3
2182,C M W Read,2,8,2,85,115,8,1,0,0,0,0
2190,H H Dippenaar,2,8,2,443,662,37,2,0,0,0,0
2254,H J H Marshall,2,10,2,417,540,33,2,0,0,0,0
2673,C J Drum,2,5,2,9,22,1,0,36,3,261,4
2762,Manjural Islam,2,4,2,2,5,0,0,36,5,164,3
2793,Mushfiqur Rahman,2,7,2,93,153,11,0,57,3,277,4
2888,R S Sodhi,2,5,2,71,108,4,1,24,2,116,2
2984,D T Hondo,2,6,2,21,29,4,0,51.3,4,300,9
3127,Kabir Ali,2,4,2,41,62,5,0,33.4,1,193,7
3244,Joginder Sharma,2,4,2,35,30,5,0,25,3,115,1
3280,Shahadat Hossain,2,4,2,10,16,1,0,34,0,224,5
3833,S S Tiwary,2,3,2,49,56,5,1,0,0,0,0
3834,X J Doherty,2,8,2,1,1,0,0,66,2,381,5
3912,M R Marsh,2,6,2,168,171,15,2,41.6,0,256,4
3952,S T Gabriel,2,5,2,3,11,0,0,43,1,269,5
4224,A C Agar,2,5,2,45,45,4,0,47,1,282,4
4480,Aamer Yamin,2,4,2,95,96,8,5,26,1,154,2
343,R O Collinge,3,4,2,14,25,1,0,25,2,114,6
520,N H Fairbrother,3,14,2,415,461,32,4,1,0,9,0
959,R R Kulkarni,3,7,2,19,24,2,0,46,2,224,7
1147,B M McMillan,3,9,2,31,51,2,0,78.5,1,349,8
1400,D R Pringle,3,6,2,111,163,7,0,61.2,7,239,10
1908,R G C Wijesuriya,3,8,2,18,48,0,0,52,1,287,8
2103,N M Kulkarni,3,7,2,10,15,0,0,47,3,249,10
2144,C M Bandara,3,7,2,58,96,3,0,60,1,327,9
2185,H M R K B Herath,3,9,2,17,16,1,1,68.1,3,301,7
2203,R L Powell,3,10,2,241,253,16,14,2.3,0,25,0
2222,M L Nkala,3,6,2,67,73,5,1,45,0,305,2
2241,Hasibul Hussain,3,3,2,5,14,1,0,22,0,133,3
2858,T T Samaraweera,3,8,2,69,129,5,0,0,0,0,0
2974,O A Shah,3,13,2,396,415,42,7,4,0,19,1
3037,S J Harmison,3,10,2,11,16,1,0,89.5,5,488,14
3574,P P Ojha,3,8,2,26,56,2,0,56.5,4,251,10
3759,W P Saha,3,8,2,25,35,3,0,0,0,0,0
3787,B M A J Mendis,3,8,2,193,215,16,2,52,0,245,8
3799,J R Hazlewood,3,6,2,1,4,0,0,57.8,3,288,9
3829,H K Bennett,3,10,2,10,20,0,0,89.1,3,537,20
3928,S M S M Senanayake,3,7,2,62,52,8,1,67,3,328,4
3973,A Dananjaya,3,11,2,108,179,10,0,97.1,3,487,13
4314,D T Tiripano,3,8,2,91,165,10,0,64.4,2,402,5
4421,M A Wood,3,8,2,8,5,1,0,71,3,421,11
4705,J P Behrendorff,3,6,2,7,4,0,0,54.2,5,290,7
169,W K M Benjamin,4,18,2,43,53,3,3,160,14,622,21
393,J J Crowe,4,10,2,192,300,17,3,0,0,0,0
494,P H Edmonds,4,10,2,29,28,2,0,85,6,339,9
842,Asif Iqbal,4,5,2,148,190,7,1,38,2,163,6
1436,D W Randall,4,9,2,183,297,7,2,0,0,0,0
1873,S R Waugh,4,15,2,251,295,19,3,79.2,1,394,12
1914,D Williams,4,7,2,16,19,0,0,0,0,0,0
1950,V Yadav,4,11,2,90,70,5,2,0,0,0,0
1985,J A Rennie,4,8,2,49,77,4,0,60.9,2,324,5
2007,C E Cuffy,4,11,2,29,35,2,1,91.1,9,391,8
2139,D S Lehmann,4,10,2,208,264,16,1,26.3,0,124,5
2212,N Chopra,4,14,2,72,154,2,0,109.2,10,449,17
2240,Mohammad Rafique,4,11,2,92,106,9,4,108,2,555,13
2891,V S Solanki,4,14,2,320,442,44,2,12,0,65,0
2999,S B Bangar,4,11,2,161,198,14,2,54,2,292,5
3168,T Panyangara,4,10,2,12,26,2,0,90.4,6,520,5
3174,I D R Bradshaw,4,13,2,66,122,5,0,112.4,9,532,17
3288,Y Venugopal Rao,4,10,2,145,221,10,2,0,0,0,0
3476,V D Philander,4,5,2,45,53,6,0,42,8,143,7
3488,Mahmudullah,4,13,2,253,426,25,0,39.6,1,255,4
3541,G D Elliott,4,10,2,171,181,13,3,48.4,1,299,10
3693,I J L Trott,4,18,2,482,631,39,2,2,0,14,0
3792,T L Chatara,4,12,2,39,98,2,1,101.3,9,493,12
3836,A D Russell,4,13,2,326,235,31,18,81.4,2,460,13
3910,M S Wade,4,17,2,263,329,16,4,0,0,0,0
3916,V R Aaron,4,8,2,8,15,1,0,55.3,1,345,10
4019,R Mutumbami,4,12,2,194,264,21,2,0,0,0,0
4575,A S Joseph,4,10,2,25,48,0,0,87,5,566,14
78,S A Ankola,5,11,2,10,11,0,1,71,2,325,8
107,Arshad Ayub,5,15,2,49,72,4,0,134.5,7,574,9
108,K Azad,5,11,2,151,213,10,7,31,2,144,3
972,R Lamba,5,20,2,524,718,42,5,3,0,18,1
1350,B P Patterson,5,16,2,16,23,1,1,139.9,12,626,34
1595,P V Simmons,5,20,2,793,1077,72,13,68,4,303,5
1680,A J Stewart,5,19,2,594,850,55,4,0,0,0,0
2258,J M Kemp,5,16,2,338,428,23,11,21.1,0,106,7
2907,A Symonds,5,17,2,563,557,42,14,64,1,335,6
3273,J R Hopes,5,16,2,283,285,26,3,92,2,424,10
3279,Mushfiqur Rahim,5,13,2,407,444,39,9,0,0,0,0
3573,L Ronchi,5,17,2,245,210,28,8,0,0,0,0
3696,A U Rashid,5,15,2,43,39,2,1,137.5,1,826,21
3830,M A Starc,5,12,2,41,43,2,1,109.1,5,583,22
3850,Imran Tahir,5,19,2,32,67,3,1,170.4,7,860,22
3872,B V Vitori,5,12,2,40,54,3,2,98.5,4,596,10
3890,Aizaz Cheema,5,10,2,17,34,1,0,76.4,3,397,15
4417,S D Hope,5,17,2,792,1086,56,16,0,0,0,0
4536,Mohammad Nawaz,5,10,2,113,120,7,2,84.3,1,438,12
934,Zakir Khan,6,12,2,19,47,0,0,79,4,356,11
1902,G P Wickramasinghe,6,19,2,29,59,3,0,137.4,7,620,14
1987,G J Whittall,6,16,2,230,338,15,2,64.0,1,315,11
3012,R S Morton,6,18,2,360,584,30,3,0,0,0,0
3122,J E Taylor,6,18,2,66,79,9,0,156.4,5,875,26
3331,L E Plunkett,6,21,2,173,219,18,2,172,7,1023,28
3426,Shakib Al Hasan,6,18,2,522,686,40,1,150.9,8,654,22
3465,K A Pollard,6,21,2,496,545,25,28,76,0,482,10
3846,C R Woakes,6,20,2,165,193,11,2,172.8,15,1005,40
3847,F du Plessis,6,22,2,890,1042,79,14,3,0,26,0
4066,D S Kulkarni,6,12,2,27,28,2,1,99.4,5,508,19
4089,S T R Binny,6,9,2,154,139,15,3,62.4,4,350,16
4230,Sohaib Maqsood,6,15,2,512,595,41,12,2,0,11,0
4393,S N Thakur,6,10,2,77,50,8,3,82.6,1,568,12
530,Zahid Fazal,7,10,2,131,207,6,1,0,0,0,0
645,M J Greatbatch,7,23,2,409,580,40,5,0,0,0,0
1638,I D S Smith,7,20,2,303,325,23,1,0,0,0,0
2041,R T Ponting,7,27,2,954,1221,97,7,4,0,21,0
3035,P A Patel,7,24,2,613,760,67,7,0,0,0,0
3108,A Mishra,7,24,2,42,77,4,0,221.4,16,1086,53
3270,S C Williams,7,22,2,488,611,38,5,100,1,521,3
4690,Faheem Ashraf,7,19,2,126,136,10,5,134.6,6,666,16
4706,Imam-ul-Haq,7,22,2,1120,1327,86,11,0,0,0,0
320,R K Chauhan,8,20,2,97,110,4,3,165,7,752,12
3561,S E Marsh,8,25,2,911,1161,70,9,0,0,0,0
3845,A J Finch,8,33,2,1481,1718,149,36,24.5,1,133,3
634,D I Gower,9,23,2,712,955,54,2,0,0,0,0
1249,Tahir Naqqash,9,19,2,39,54,3,0,131.2,3,641,19
2966,K D Mills,9,28,2,176,190,16,7,244.7,24,1186,35
2053,S B Joshi,10,26,2,283,300,23,10,208.6,8,940,24
2209,M Kartik,10,28,2,65,99,5,1,242.5,14,1229,31
3014,G C Smith,11,40,2,1301,1631,151,7,10.4,0,52,2
550,G W Flower,12,33,2,1118,1703,100,3,149.6,0,751,20
1057,R S Mahanama,12,31,2,988,1549,59,3,0,0,0,0
2226,K C Sangakkara,14,57,2,2041,2619,188,20,0,0,0,0
3132,Salman Butt,15,54,2,2034,2622,260,3,1.3,0,16,0
3291,W U Tharanga,15,52,2,1613,2069,194,12,0,0,0,0
930,Mohsin Khan,17,33,2,918,1414,84,4,1,0,2,1
3798,Asad Shafiq,20,47,2,1014,1525,79,5,2,0,18,0
32,T M Alderman,1,2,1,1,2,0,0,16,1,92,3
58,P J W Allott,1,2,1,5,4,1,0,19,7,45,3
71,R W Anderson,1,1,1,4,22,0,0,0,0,0,0
292,D J Capel,1,3,1,83,76,5,4,26,1,128,3
307,B S Chandrasekhar,1,1,1,11,13,2,0,7,0,36,3
363,G A Cope,1,2,1,1,1,0,0,14,0,35,2
374,C S Cowdrey,1,2,1,51,45,5,1,8.4,0,55,2
422,R G De Alwis,1,4,1,31,49,1,1,0,0,0,0
454,A I C Dodemaide,1,1,1,5,3,0,0,8,0,36,1
487,G C Dyer,1,4,1,51,50,5,1,0,0,0,0
489,J Dyson,1,2,1,41,64,2,0,0,0,0,0
493,B A Edgar,1,2,1,100,147,6,1,0,0,0,0
610,D R Gilbert,1,3,1,3,9,0,0,21,0,112,3
778,R M Hogg,1,1,1,0,8,0,0,6,1,21,1
888,D M Jones,1,6,1,177,198,13,4,0,0,0,0
958,A P Kuiper,1,3,1,127,133,11,3,12,0,60,1
968,B M Laird,1,2,1,135,189,13,0,0,0,0,0
1005,P Lever,1,2,1,8,5,0,0,14,0,80,1
1222,E A Moseley,1,2,1,2,5,0,0,16,0,92,2
1240,D L Murray,1,1,1,11,27,0,0,0,0,0,0
1430,Azmat Rana,1,2,1,42,73,0,0,0,0,0,0
1610,Yograj Singh,1,2,1,1,4,0,0,19,2,94,1
1612,L Sivaramakrishnan,1,1,1,1,4,0,0,5,0,38,0
1683,D A Stirling,1,4,1,8,18,0,0,27,0,144,3
1706,P L Symcox,1,1,1,3,12,0,0,10,1,51,1
1731,L B Taylor,1,1,1,1,6,0,0,7,1,30,0
1733,P L Taylor,1,1,1,12,8,1,0,9,0,48,1
1740,J G Thomas,1,1,1,1,3,0,0,11,0,59,2
1815,M Venkataramana,1,1,1,0,0,0,0,10,0,36,2
1952,G N Yallop,1,4,1,96,114,9,0,0,0,0,0
1973,C E Eksteen,1,1,1,6,23,0,0,2,0,18,0
1990,C White,1,3,1,0,8,0,0,26.5,2,142,3
2049,G I Allott,1,1,1,7,15,0,0,2.2,0,21,0
2054,P L Mhambrey,1,2,1,7,5,1,0,15,0,98,2
2073,E Matambanadzo,1,1,1,2,3,0,0,8,0,32,4
2101,D W Headley,1,2,1,3,4,0,0,17,0,84,0
2110,S B O,1,2,1,1,6,0,0,10,0,103,1
2120,S K L de Silva,1,4,1,56,68,3,0,0,0,0,0
2166,S Ramesh,1,3,1,57,114,8,0,0,0,0,0
2229,M V Nagamootoo,1,4,1,1,1,0,0,32,0,199,3
2602,Aamer Hanif,1,3,1,55,67,3,0,18,0,95,3
2626,S V Bahutule,1,2,1,0,2,0,0,19,0,79,1
2663,A C Dawson,1,3,1,23,31,4,0,24,0,126,0
2670,S S Dighe,1,3,1,22,26,0,0,0,0,0,0
2715,I J Harvey,1,3,1,43,55,3,0,30,1,165,5
2750,S Lee,1,1,1,25,11,4,0,3,0,11,0
2752,G D Lloyd,1,2,1,17,40,0,0,0,0,0,0
2795,Naeem Ahmed,1,1,1,0,8,0,0,10,0,43,0
2815,J V Paranjpe,1,3,1,27,45,2,1,0,0,0,0
2845,S J Roberts,1,1,1,1,2,0,0,3,0,21,0
2874,T G Shaw,1,1,1,0,0,0,0,10,0,46,1
2908,A R Tait,1,3,1,18,29,1,1,11,0,42,1
2947,B E Young,1,3,1,8,6,0,0,24,0,138,1
2951,Zahid Ahmed,1,2,1,3,13,0,0,16,1,61,3
2988,J N Snape,1,4,1,72,110,3,0,33.4,0,184,4
2990,S M Ervine,1,4,1,67,63,10,2,32.4,1,211,2
3000,T Yohannan,1,2,1,2,6,0,0,15,1,83,5
3010,Tareq Aziz,1,3,1,7,18,1,0,28.3,5,126,4
3060,R W Sims,1,2,1,7,7,1,0,19,0,109,0
3063,M Zondeki,1,1,1,3,2,0,0,6,0,36,1
3109,J A Rudolph,1,5,1,107,185,10,0,0,0,0,0
3125,F H Edwards,1,4,1,1,1,0,0,33,4,137,2
3135,Junaid Zia,1,4,1,2,7,0,0,24.1,1,127,3
3150,M J Mason,1,3,1,13,13,2,0,29,1,179,1
3155,T K Canning,1,3,1,36,46,1,1,24,1,123,4
3177,G J Hopkins,1,3,1,33,32,4,0,0,0,0,0
3225,Nazmul Hossain,1,2,1,3,2,0,0,16,1,65,2
3274,I E O,1,3,1,3,8,0,0,18.3,1,132,2
3294,K M Dabengwa,1,3,1,61,54,3,2,14,0,112,0
3321,J S Patel,1,1,1,0,0,0,0,5,0,37,0
3457,R R Emrit,1,2,1,13,35,1,0,14,0,99,0
3466,M K D Amerasinghe,1,1,1,1,2,0,0,7,2,31,0
3478,A D Mascarenhas,1,4,1,88,54,1,10,34,3,137,6
3522,Kamran Hussain,1,2,1,28,21,2,0,17,0,67,3
3535,Dhiman Ghosh,1,5,1,74,99,8,0,0,0,0,0
3638,R J Harris,1,3,1,6,5,0,0,29.5,4,106,13
3651,P D McGlashan,1,3,1,63,51,6,1,0,0,0,0
3729,Shapoor Zadran,1,1,1,2,3,0,0,8,1,49,0
3743,S Tyagi,1,1,1,1,2,0,0,8,0,59,0
3758,A J McKay,1,4,1,0,0,0,0,30.3,1,226,7
3766,D T Christian,1,3,1,23,31,2,0,26,0,132,2
3770,G A Lamb,1,1,1,1,1,0,0,5,0,37,0
3854,J L Pattinson,1,3,1,2,2,0,0,27.1,1,115,4
3856,Mohammad Salman,1,5,1,22,39,2,0,0,0,0,0
3871,F D M Karunaratne,1,2,1,16,16,1,0,1.4,0,11,0
3880,R M S Eranga,1,2,1,12,15,3,0,17,0,122,1
3915,Elias Sunny,1,2,1,1,6,0,0,16,0,82,3
3968,D Elgar,1,1,1,5,2,1,0,0,0,0,0
4064,R Dhawan,1,3,1,12,13,1,0,25,0,160,1
4185,F Y Fazal,1,1,1,55,61,7,1,0,0,0,0
4212,Gurkeerat Singh,1,3,1,13,13,2,0,10,0,68,0
4227,M T Chinouya,1,2,1,6,8,1,0,11,0,50,1
4247,Al-Amin Hossain,1,2,1,1,4,0,0,10,1,58,1
4273,B E Hendricks,1,2,1,2,8,0,0,16,0,81,1
4318,J Nyumbu,1,3,1,6,13,0,0,19.2,0,110,2
4332,Saad Nasim,1,3,1,99,124,9,1,6,0,46,0
4340,R R Hendricks,1,5,1,169,208,17,3,7,0,47,1
4390,J Yadav,1,1,1,1,1,0,0,4,0,8,1
4414,Mustafizur Rahman,1,3,1,9,17,1,0,29.2,1,150,13
4459,T Muzarabani,1,2,1,6,11,1,0,9,1,31,0
4477,G H Worker,1,3,1,47,78,4,0,0,0,0,0
4479,R J W Topley,1,4,1,0,4,0,0,35.5,2,158,6
4482,W P Masakadza,1,5,1,24,60,2,0,40,0,261,3
4557,D L Chahar,1,2,1,6,8,0,0,17,2,92,1
4693,T K Curran,1,3,1,60,45,7,2,26,0,189,6
4802,R C Murray,1,5,1,108,178,6,2,0,0,0,0
4825,O C McCoy,1,2,1,0,1,0,0,14,0,109,4
5774,K A Jamieson,1,2,1,25,24,1,2,20,1,95,3
94,K J Arnott,2,2,1,18,33,1,0,0,0,0,0
110,S F A Bacchus,2,4,1,193,313,12,1,0,0,0,0
173,C A Best,2,5,1,78,131,7,1,0,0,0,0
190,T E Blain,2,6,1,38,58,1,0,0,0,0,0
233,G A Briant,2,3,1,22,33,1,0,0,0,0,0
349,B E Congdon,2,3,1,50,75,2,1,7.3,1,34,2
430,E A R De Silva,2,4,1,19,21,2,0,17,1,85,2
431,G R A de Silva,2,2,1,7,10,0,0,13.5,0,77,4
574,B N French,2,3,1,7,8,0,0,0,0,0,0
717,B R Hartland,2,5,1,100,204,6,0,0,0,0,0
770,N D Hirwani,2,4,1,2,19,0,0,39,0,161,1
952,A P E Knott,2,3,1,15,13,1,0,0,0,0,0
1066,D E Malcolm,2,5,1,4,7,1,0,44,1,217,7
1125,C J McDermott,2,5,1,17,12,3,0,45,3,240,2
1421,L S Rajput,2,4,1,9,31,0,0,7,0,42,0
1446,V Razdan,2,3,1,23,27,3,0,14,0,77,1
1473,D J Richardson,2,10,1,21,24,0,0,0,0,0,0
1517,R C Russell,2,3,1,66,72,4,0,0,0,0,0
1772,G B Troup,2,3,1,14,9,1,1,26.2,6,68,5
1833,K J Wadsworth,2,3,1,76,104,6,2,0,0,0,0
1855,K P J Warnaweera,2,3,1,1,2,0,0,28,3,86,5
1872,M E Waugh,2,5,1,181,238,18,1,11,0,80,0
1927,B Wood,2,4,1,127,286,7,0,33,5,107,5
1929,G M Wood,2,6,1,112,165,13,0,0,0,0,0
1980,S C Williams,2,9,1,309,519,34,4,4,0,22,0
1993,W R James,2,3,1,14,44,0,0,0,0,0,0
2001,Kabir Khan,2,2,1,6,10,0,0,7.3,0,59,0
2003,D W Fleming,2,7,1,9,8,2,0,66,7,305,9
2020,C O Browne,2,7,1,63,62,3,3,0,0,0,0
2024,D G Cork,2,4,1,0,1,0,0,33,5,139,6
2027,N V Knight,2,9,1,467,576,40,0,0,0,0,0
2093,R I C Holder,2,7,1,60,73,1,1,0,0,0,0
2095,D N T Zoysa,2,6,1,5,11,0,0,32,2,190,7
2188,R Vijay Bhardwaj,2,6,1,47,105,6,0,31,0,185,6
2206,M S Sinclair,2,12,1,281,503,22,1,0,0,0,0
2218,B A Murphy,2,5,1,16,30,1,0,44,1,273,7
2224,M J Hoggard,2,6,1,12,19,0,0,51,3,309,5
2247,V Dahiya,2,10,1,113,121,11,2,0,0,0,0
2257,D A Marillier,2,8,1,107,112,15,1,49,0,277,5
2745,S C Khanna,2,4,1,49,73,6,0,0,0,0,0
2833,M R Pydanna,2,3,1,2,3,0,0,0,0,0,0
3009,A Ratra,2,11,1,88,121,8,0,0,0,0,0
3021,P A Hitchcock,2,5,1,11,19,1,0,44,0,229,6
3030,J Mubarak,2,2,1,55,71,3,0,0,0,0,0
3032,Tapash Baisya,2,5,1,28,24,3,0,45.5,3,247,10
3045,I D Blackwell,2,11,1,112,148,12,1,97,5,393,9
3054,J P Yadav,2,7,1,12,27,0,0,36,1,188,3
3153,C D Cumming,2,10,1,138,249,18,0,0,0,0,0
3158,D Mohammed,2,3,1,0,2,0,0,28.5,1,133,5
3179,S I Mahmood,2,7,1,40,45,4,1,53,3,312,8
3323,Syed Rasel,2,3,1,4,7,0,0,22,1,144,4
3499,L J Wright,2,4,1,99,111,11,1,10,0,45,1
3608,S Badrinath,2,7,1,79,172,4,0,0,0,0,0
3627,L S Baker,2,4,1,2,11,0,0,38,0,214,6
3733,K M Jarvis,2,4,1,20,28,2,0,36,3,183,5
3835,Adnan Akmal,2,5,1,62,89,3,0,0,0,0,0
3853,K A Edwards,2,8,1,136,241,7,2,0,0,0,0
3976,V Permaul,2,3,1,8,6,0,0,18.1,0,117,1
3978,T D Astle,2,5,1,15,19,2,0,19,0,123,4
4238,C J Jordan,2,3,1,15,20,0,1,25.2,2,165,2
4249,S S Cottrell,2,4,1,17,21,2,1,39,4,252,6
4267,Arafat Sunny,2,4,1,14,40,1,0,36,1,173,6
4268,Sabbir Rahman,2,6,1,121,112,15,2,2,0,17,0
4320,N Madziva,2,3,1,13,35,0,0,24,0,133,6
4359,P J Moor,2,7,1,121,210,5,4,0,0,0,0
4362,Soumya Sarkar,2,6,1,292,278,35,10,0,0,0,0
4380,P V D Chameera,2,4,1,33,44,3,0,31,2,150,0
4386,T M Head,2,10,1,389,416,35,8,48.4,0,282,4
4562,T Shamsi,2,4,1,0,2,0,0,32,1,197,4
4587,N Pooran,2,5,1,265,202,25,13,0,0,0,0
4593,Rumman Raees,2,8,1,27,24,5,0,67.7,2,420,12
4626,B Stanlake,2,3,1,1,8,0,0,23,1,117,1
4648,A J Turner,2,6,1,142,111,8,8,0,0,0,0
4731,H Klaasen,2,6,1,110,122,11,3,0,0,0,0
4826,F A Allen,2,4,1,25,42,3,0,25,0,149,2
161,B S Bedi,3,5,1,6,17,0,0,36,0,192,5
419,W W Davis,3,4,1,17,35,0,0,37,2,203,4
547,K W R Fletcher,3,7,1,196,301,15,4,0,0,0,0
643,A H Gray,3,8,1,7,11,1,0,62,6,223,15
878,V B John,3,10,1,10,15,1,0,75,5,325,5
945,G Kirsten,3,8,1,396,482,37,0,0,0,0,0
1025,D Lloyd,3,5,1,227,380,20,1,2,1,3,1
1101,Asif Masood,3,4,1,4,10,0,0,32,5,106,3
1133,G D McGrath,3,11,1,4,14,0,0,99.0,11,473,17
1259,Aamir Nazir,3,6,1,4,4,0,0,49,1,222,8
1489,A M E Roberts,3,8,1,13,11,1,1,70,8,281,10
1641,R A Smith,3,13,1,672,898,64,8,0,0,0,0
1785,G M Turner,3,4,1,192,330,17,0,0,0,0,0
1885,K C Wessels,3,14,1,749,1208,70,0,23,0,117,2
2077,Mohammad Wasim,3,3,1,38,88,3,0,0,0,0,0
2083,Mohammad Zahid,3,8,1,14,15,1,1,55.2,5,268,7
2200,M P Vaughan,3,12,1,291,452,31,1,30.4,1,156,2
2204,H H Kanitkar,3,8,1,74,147,6,0,29,1,134,3
2227,N D McKenzie,3,6,1,102,134,12,0,0.1,0,0,0
2251,Sarandeep Singh,3,3,1,28,53,3,0,23,1,114,1
2640,N W Bracken,3,11,1,7,33,0,0,100.7,11,420,12
2690,T J Friend,3,11,1,184,210,20,2,87.1,3,496,7
2847,Saadat Ali,3,5,1,141,259,10,0,4,0,24,2
2893,S Sriram,3,6,1,75,120,8,0,45,1,230,9
3165,G O Jones,3,13,1,215,304,15,4,0,0,0,0
3325,C L White,3,12,1,552,578,36,20,0,0,0,0
3618,P M Siddle,3,10,1,14,22,1,0,81,5,430,7
3635,Rubel Hossain,3,8,1,21,21,4,0,61,4,333,10
3925,J N Mohammed,3,8,1,229,300,21,5,5,1,38,0
3984,M J McClenaghan,3,9,1,40,33,4,2,75.3,1,473,11
4250,Bilawal Bhatti,3,9,1,71,62,8,2,64.1,4,412,6
4299,Taskin Ahmed,3,6,1,2,7,0,0,36,2,178,10
4453,T A M Siriwardana,3,14,1,289,285,22,9,57.7,0,308,4
4570,R L Chase,3,9,1,119,155,7,0,34.5,1,214,1
4650,J A Richardson,3,8,1,47,50,4,0,71,8,361,17
4656,N A Saini,3,5,1,53,55,7,2,48,0,301,5
4742,K M A Paul,3,6,1,70,78,5,5,40.4,0,305,7
4747,Asif Ali,3,10,1,265,177,16,16,0.5,0,9,0
59,Saleem Altaf,4,6,1,25,53,0,1,40.7,2,151,5
226,D H Brain,4,8,1,53,61,4,2,64.3,4,296,5
450,G R Dilley,4,7,1,8,19,0,0,62,9,255,7
523,Ijaz Faqih,4,8,1,6,15,0,0,52,1,267,3
781,M A Holding,4,13,1,4,15,0,0,88.1,12,324,15
933,Rashid Khan,4,7,1,4,3,0,0,49.1,4,242,5
1098,D R Martyn,4,10,1,147,229,11,1,19.3,0,119,1
1177,G Miller,4,8,1,42,75,4,0,67,8,261,9
1442,Haroon Rashid,4,8,1,97,181,7,0,0,0,0,0
1814,S Venkataraghavan,4,9,1,5,27,0,0,68,0,325,5
1966,Zulquarnain,4,7,1,6,17,0,0,0,0,0,0
1998,K R Pushpakumara,4,4,1,3,6,0,0,27.2,0,174,2
2035,C B Wishart,4,10,1,160,214,5,4,2,0,12,0
2074,M Mbangwa,4,6,1,11,6,0,1,48.4,5,221,2
2111,G J Rennie,4,6,1,49,67,6,0,1,0,11,0
2192,A C Gilchrist,4,18,1,646,646,87,8,0,0,0,0
2244,S Karim,4,13,1,104,175,8,0,0,0,0,0
2882,L P C Silva,4,8,1,241,303,25,1,0,0,0,0
3011,I G Butler,4,6,1,30,44,2,1,47,1,277,6
3169,B R M Taylor,4,16,1,462,661,37,2,0,0,0,0
3237,C B Mpofu,4,8,1,0,4,0,0,67.1,1,424,6
3239,M J Prior,4,23,1,394,538,51,1,0,0,0,0
3246,A G Cremer,4,10,1,73,113,5,0,64.4,0,372,5
3341,K T G D Prasad,4,5,1,39,48,4,0,36,1,230,4
3768,C Kieswetter,4,17,1,365,391,38,13,0,0,0,0
3878,Nasir Hossain,4,11,1,220,273,23,2,45.4,0,215,5
4001,N M Coulter-Nile,4,11,1,47,64,3,0,103.2,3,595,20
4253,Usman Shinwari,4,12,1,6,6,0,1,88.3,4,437,25
4254,S M A Priyanjan,4,10,1,150,180,19,0,10.1,1,55,1
4316,N Dickwella,4,14,1,246,252,35,3,0,0,0,0
279,B L Cairns,5,11,1,94,112,2,4,81,10,381,16
582,A D Gaekwad,5,8,1,144,279,6,0,8,0,39,1
1564,S K Sharma,5,13,1,24,64,1,0,86.0,2,463,8
1955,B A Young,5,20,1,411,697,42,0,0,0,0,0
2038,R G Twose,5,24,1,567,811,37,6,24.8,0,117,4
2261,Faisal Iqbal,5,10,1,190,250,16,4,3,0,33,0
3148,A J Strauss,5,24,1,844,1029,98,4,0,0,0,0
3839,A F Milne,5,11,1,0,2,0,0,97.9,3,495,14
3983,C J Anderson,5,13,1,248,214,15,15,75.3,3,487,17
3986,J D S Neesham,5,13,1,188,201,18,5,90.5,0,596,11
4558,P S P Handscomb,5,19,1,621,628,45,6,0,0,0,0
38,Basit Ali,6,23,1,549,860,31,4,3,0,17,1
65,C E L Ambrose,6,22,1,22,32,1,0,194.6,19,728,34
447,R L Dias,6,20,1,704,853,58,1,0.2,0,1,0
1530,B S Sandhu,6,13,1,23,35,0,0,102,5,466,8
1822,G R Viswanath,6,10,1,145,277,11,0,0,0,0,0
2216,W W Hinds,6,21,1,628,906,72,9,23,0,149,4
2228,M E Trescothick,6,23,1,800,925,99,7,3,0,18,0
3461,Tamim Iqbal,6,18,1,597,688,80,6,0,0,0,0
3637,D A Warner,6,22,1,1156,1198,123,21,0,0,0,0
3756,S P D Smith,6,22,1,1097,1203,94,10,9,0,66,0
3881,S Prasanna,6,18,1,168,220,12,9,145.6,3,769,13
3900,J M Bairstow,6,15,1,557,524,62,12,0,0,0,0
4022,Sikandar Raza,6,16,1,412,525,35,8,27.5,0,161,5
4387,S S Iyer,6,17,1,748,742,73,17,2,0,15,0
4527,A Zampa,6,19,1,22,32,1,0,184.4,2,1030,31
28,Mansoor Akhtar,7,15,1,183,291,17,0,4,0,19,0
801,D L Houghton,7,15,1,420,524,33,2,0,0,0,0
1410,Iqbal Qasim,7,12,1,37,85,3,0,87,9,438,9
1424,W V Raman,7,14,1,441,713,32,4,14,1,103,1
2046,N J Astle,7,28,1,952,1154,99,11,121,4,536,18
3141,V Sibanda,7,24,1,599,938,61,9,0,0,0,0
3320,C J Chibhabha,7,22,1,714,1032,65,1,88.5,5,477,10
3349,A N Cook,7,30,1,1143,1420,137,3,0,0,0,0
3447,L M P Simmons,7,29,1,972,1287,81,26,22,0,118,1
679,A P Gurusinha,8,25,1,631,1016,47,8,32,0,168,2
3703,D M Bravo,8,28,1,829,1180,72,17,0,0,0,0
3749,H D R L Thirimanne,8,26,1,881,1238,53,10,0,0,0,0
2080,H H Gibbs,9,32,1,953,1144,125,9,0,0,0,0
3049,R J Peterson,9,21,1,124,165,10,0,137.5,2,746,20
2079,V V S Laxman,10,33,1,1122,1468,108,1,1,0,8,0
3242,D W Steyn,10,29,1,114,156,5,6,251.2,17,1168,53
2174,Imran Nazir,11,24,1,496,578,65,8,0,0,0,0
3747,N L T C Perera,11,38,1,489,492,38,17,257.7,9,1496,48
289,A D R Campbell,12,36,1,957,1401,91,7,14.3,0,93,1
3521,Nasir Jamshed,12,33,1,981,1295,105,12,0,0,0,0
3817,K S Williamson,12,39,1,1802,2253,163,13,35.3,0,192,7
549,A Flower,13,36,1,1183,1590,87,6,5,0,23,0
3117,Yasir Hameed,13,38,1,1595,2304,173,4,3,0,26,0
2104,D P M D Jayawardene,15,59,1,1801,2299,164,11,0,0,0,0
2260,Imran Farhat,18,42,1,1392,1953,155,13,6.8,0,61,1
1653,Aamir Sohail,20,62,1,1770,2869,165,10,362.4,6,1677,43
3889,A M Rahane,23,72,1,2369,2980,240,27,0,0,0,0
6,S Abid Ali,1,2,0,23,34,1,0,20,3,72,1
12,J P Agnew,1,2,0,0,0,0,0,13,0,61,3
13,F S Ahangama,1,1,0,0,0,0,0,3,0,23,0
21,Shafiq Ahmed,1,3,0,41,91,2,0,0,0,0,0
22,Shakeel Ahmed,1,2,0,61,128,3,0,0,0,0,0
24,Younis Ahmed,1,2,0,84,151,6,0,0,0,0,0
60,K N Amalean,1,1,0,0,0,0,0,7,1,31,1
64,S Amarnath,1,3,0,100,119,4,0,0,0,0,0
68,D L Amiss,1,1,0,20,35,3,0,0,0,0,0
88,Taslim Arif,1,2,0,28,58,0,0,0,0,0,0
96,B Arun,1,1,0,8,12,1,0,8,0,43,1
124,S T Banerjee,1,1,0,0,0,0,0,3,0,20,0
168,K C G Benjamin,1,1,0,0,0,0,0,8,0,48,2
170,M J Bennett,1,1,0,0,0,0,0,10,0,37,0
222,G E Bradburn,1,2,0,30,63,1,0,10,2,42,2
230,J M Brearley,1,2,0,31,64,4,0,0,0,0,0
282,I W Callen,1,2,0,0,4,0,0,16,1,82,1
334,S T Clarke,1,2,0,20,9,0,3,16,1,53,2
357,G Cook,1,3,0,44,119,3,0,0,0,0,0
359,S J Cook,1,3,0,52,98,3,0,0,0,0,0
395,D J Cullinan,1,1,0,44,71,3,0,0,0,0,0
409,W W Daniel,1,2,0,0,0,0,0,12,2,32,2
418,S P Davis,1,6,0,1,6,0,0,50.1,2,213,6
426,R P De Groen,1,1,0,2,3,0,0,6,2,26,0
515,F M Engineer,1,2,0,36,66,3,0,0,0,0,0
566,T J Franklin,1,1,0,21,41,0,0,0,0,0,0
569,R C Fredericks,1,1,0,44,54,3,0,0,0,0,0
644,E J Gray,1,2,0,41,86,3,0,11,0,50,3
726,B F Hastings,1,1,0,4,9,0,0,0,0,0,0
740,I A Healy,1,1,0,1,1,0,0,0,0,0,0
752,M Hendrick,1,1,0,0,0,0,0,7,0,50,1
777,T G Hogan,1,3,0,6,8,1,0,27.5,3,117,9
805,H J Howarth,1,1,0,1,5,0,0,8,0,30,2
835,R K Illingworth,1,5,0,4,11,0,0,54,1,230,7
850,R D Jackman,1,2,0,0,0,0,0,22,1,85,5
866,M P Jarvis,1,2,0,0,0,0,0,17,1,67,2
867,P W Jarvis,1,6,0,1,5,0,0,53.4,2,249,15
871,R S A Jayasekera,1,1,0,0,0,0,0,0,0,0,0
896,B D Julien,1,1,0,20,26,2,0,9,1,30,1
897,B P Julian,1,3,0,9,6,1,0,30,3,146,7
932,Nadeem Khan,1,1,0,0,0,0,0,6,0,39,0
938,C L King,1,1,0,0,3,0,0,9,0,35,0
956,P Krishnamurthy,1,1,0,6,13,0,0,0,0,0,0
984,R T Latham,1,3,0,22,56,3,0,3,0,11,0
1022,D K Liyanage,1,2,0,20,18,1,1,12,1,62,1
1056,J N Maguire,1,4,0,0,0,0,0,33,1,196,5
1076,A V Mankad,1,1,0,44,61,3,0,5.5,0,47,1
1089,R W Marsh,1,2,0,1,7,0,0,0,0,0,0
1109,G R J Matthews,1,6,0,66,113,3,1,41,1,237,4
1113,T B A May,1,1,0,0,0,0,0,9,1,31,1
1129,P E McEwan,1,4,0,36,54,3,0,0,0,0,0
1220,J F M Morrison,1,1,0,15,35,2,0,0,0,0,0
1228,M D Moxon,1,1,0,70,124,7,0,0,0,0,0
1239,D A Murray,1,1,0,0,0,0,0,0,0,0,0
1246,S S Naik,1,2,0,38,68,3,0,0,0,0,0
1293,D R O,1,1,0,1,3,0,0,7,0,42,1
1327,N M Parker,1,1,0,0,3,0,0,0,0,0,0
1335,D R Parry,1,1,0,32,35,0,0,8,1,33,0
1346,R G M Patel,1,1,0,0,0,0,0,10,1,58,0
1366,W B Phillips,1,4,0,34,26,6,1,0,0,0,0
1397,M W Priest,1,3,0,19,52,0,0,12,0,74,0
1401,M W Pringle,1,1,0,9,8,0,0,10,0,51,3
1413,C G Rackemann,1,4,0,2,8,0,0,34,6,135,9
1415,C T Radley,1,2,0,92,163,9,0,0,0,0,0
1450,B Reddy,1,1,0,0,0,0,0,0,0,0,0
1457,B A Reid,1,5,0,0,0,0,0,41,3,175,8
1490,A D G Roberts,1,1,0,16,24,1,0,7,0,30,1
1498,R T Robinson,1,3,0,18,42,2,0,0,0,0,0
1503,B C Rose,1,2,0,99,210,7,0,0,0,0,0
1522,Shahid Saeed,1,2,0,31,67,3,0,10,0,34,2
1526,I D K Salisbury,1,1,0,0,0,0,0,8,1,42,0
1536,B N Schultz,1,1,0,0,0,0,0,9,1,35,1
1553,C P Senanayake,1,1,0,24,49,2,0,0,0,0,0
1563,P H Sharma,1,2,0,20,39,1,0,0,0,0,0
1627,C L Smith,1,1,0,17,43,2,0,3,0,8,2
1642,S B Smith,1,3,0,56,54,7,0,0,0,0,0
1648,R P Snell,1,3,0,18,17,0,0,25,1,134,1
1745,J R Thomson,1,2,0,1,2,0,0,16,0,89,2
1793,Nasim-Ul-Ghani,1,1,0,1,8,0,0,0,0,0,0
1810,J T C Vaughan,1,2,0,13,21,0,0,19,4,114,2
1812,M R J Veletta,1,1,0,18,27,0,0,0,0,0,0
1824,G E Vivian,1,1,0,14,30,1,0,0,0,0,0
1832,A L Wadekar,1,2,0,73,90,11,0,0,0,0,0
1861,A S Wassan,1,2,0,0,8,0,0,12,0,40,1
1893,D J White,1,3,0,37,97,1,0,0,0,0,0
1938,R A Woolmer,1,1,0,0,0,0,0,11,0,62,2
1949,N S Yadav,1,3,0,0,0,0,0,21,2,75,5
1953,B Yardley,1,1,0,0,1,0,0,8,1,42,1
1964,T J Zoehrer,1,2,0,1,5,0,0,0,0,0,0
1981,D P Samaraweera,1,2,0,63,109,6,0,0,0,0,0
1982,G K Bruk-Jackson,1,1,0,12,33,2,0,0,0,0,0
1994,Ashfaq Ahmed,1,3,0,0,0,0,0,17,2,84,0
1999,S Ranatunga,1,5,0,140,322,5,0,0,0,0,0
2021,K P Walmsley,1,2,0,0,0,0,0,20,0,117,2
2025,O D Gibson,1,2,0,3,5,0,0,18,0,109,5
2044,P R Adams,1,1,0,0,8,0,0,7,0,50,2
2056,A D Mullally,1,3,0,2,3,0,0,25,3,127,2
2064,R D B Croft,1,3,0,15,14,1,0,28,1,111,5
2068,G B Hogg,1,7,0,0,4,0,0,54.3,1,249,11
2072,Mohammad Hussain,1,1,0,0,0,0,0,10,0,37,1
2076,M S Kasprowicz,1,1,0,0,0,0,0,9.2,1,47,5
2087,D Ganesh,1,1,0,4,8,0,0,5,0,20,1
2089,A J Bichel,1,3,0,7,20,1,0,28,2,105,5
2092,F A Rose,1,4,0,14,16,1,0,35,4,130,5
2105,A J Hollioake,1,2,0,28,50,1,0,14.9,1,68,8
2106,B C Hollioake,1,3,0,50,88,1,1,15,0,84,1
2109,A G Huckle,1,1,0,0,0,0,0,8,0,34,1
2123,P A Wallace,1,3,0,90,117,10,2,0,0,0,0
2133,Harvinder Singh,1,5,0,1,2,0,0,34.2,2,162,8
2147,S Elworthy,1,4,0,3,14,0,0,28,2,163,3
2157,N C Johnson,1,3,0,188,235,18,0,26,0,155,2
2169,P D R Perera,1,1,0,0,1,0,0,10,2,67,0
2170,K E A Upashantha,1,1,0,0,0,0,0,5,0,36,0
2186,D J Gandhi,1,1,0,30,67,5,0,0,0,0,0
2196,S I De Saram,1,2,0,17,14,0,1,0,0,0,0
2202,M Hayward,1,1,0,0,0,0,0,6,0,35,1
2208,W Jaffer,1,2,0,10,23,2,0,0,0,0,0
2225,H A P W Jayawardene,1,3,0,23,35,3,0,0,0,0,0
2232,Naimuir Rahman,1,1,0,8,15,0,0,10,0,53,1
2233,Shahriar Hossain,1,1,0,5,16,1,0,0,0,0,0
2237,Akram Khan,1,1,0,28,82,2,0,0,0,0,0
2243,S  S Das,1,1,0,30,60,2,1,0,0,0,0
2248,C S Martin,1,2,0,1,2,0,0,17,2,67,1
2249,B G K Walker,1,3,0,18,19,2,0,22,0,114,3
2259,R L Sanghvi,1,1,0,8,9,0,1,6,0,47,0
2601,Aamer Hameed,1,2,0,0,0,0,0,11,2,38,1
2619,Asif Mahmood,1,2,0,14,34,2,0,0,0,0,0
2631,D M Benkenstein,1,3,0,51,77,3,0,1,0,9,0
2637,A M Blignaut,1,1,0,55,39,7,0,10,0,52,0
2638,G Bose,1,1,0,13,18,1,0,11,2,39,1
2642,A D Brown,1,3,0,155,191,14,2,0,0,0,0
2652,V B Chandrasekhar,1,4,0,73,130,10,0,0,0,0,0
2654,U Chatterjee,1,1,0,3,5,0,0,8.5,0,54,0
2657,P G Coman,1,1,0,24,58,1,0,0,0,0,0
2672,V C Drakes,1,7,0,0,1,0,0,54.4,1,312,10
2677,Enamul Haque,1,3,0,46,87,1,0,23,1,153,3
2703,A A W Gunawardene,1,1,0,2,10,0,0,0,0,0,0
2725,Imran Abbas,1,2,0,29,63,0,0,0,0,0,0
2729,Irfan Bhatti,1,1,0,0,0,0,0,8,0,22,2
2760,J P Maher,1,1,0,12,25,1,0,0,0,0,0
2768,J J Martin,1,3,0,40,99,4,0,0,0,0,0
2769,Masood Iqbal,1,1,0,2,2,0,0,0,0,0,0
2774,B J McKechnie,1,2,0,8,21,0,0,9,0,40,1
2787,Moin-Ul-Atiq,1,1,0,46,56,4,0,0,0,0,0
2803,C J Nevin,1,2,0,25,35,3,0,0,0,0,0
2823,K G Perera,1,1,0,0,0,0,0,2,0,15,0
2825,Pervez Mir,1,1,0,18,28,2,0,4,0,18,1
2835,S K Ranasinghe,1,2,0,55,80,3,0,10,0,59,2
2839,N L K Ratnayake,1,1,0,0,0,0,0,9.5,0,59,1
2840,S S Raul,1,2,0,8,14,0,0,6,1,27,1
2843,C E B Rice,1,3,0,26,37,1,1,23,0,114,2
2848,Saeed Azad,1,1,0,19,35,1,0,0,0,0,0
2854,Saleem Pervez,1,1,0,18,39,0,0,0,0,0,0
2870,Shahid Anwar,1,1,0,37,44,6,0,0,0,0,0
2871,Shakeel Khan,1,1,0,0,4,0,0,9,0,50,1
2881,J D Siddons,1,1,0,32,37,3,0,0,0,0,0
2884,R P Singh,1,2,0,0,0,0,0,13.4,1,77,1
2887,N M K Smith,1,2,0,28,38,5,0,6,0,39,0
2900,R Sudhakar Rao,1,1,0,4,14,0,0,0,0,0,0
2909,Tanvir Mehdi,1,1,0,0,5,0,0,11,0,72,1
2918,S D Udal,1,1,0,0,2,0,0,7,0,29,1
2926,M A Vermeulen,1,3,0,93,109,15,0,0,0,0,0
2939,H S Williams,1,2,0,0,0,0,0,10.5,1,51,1
2945,M Yachad,1,1,0,31,77,1,0,0,0,0,0
2950,Zafar Iqbal,1,1,0,13,14,1,0,8,0,37,2
2969,J L Ontong,1,2,0,11,23,2,0,2.4,0,28,1
3003,J J C Lawson,1,1,0,0,0,0,0,10,0,57,4
3005,D Brown,1,1,0,9,17,0,1,5,0,31,1
3020,R G Hart,1,2,0,0,9,0,0,0,0,0,0
3026,Hannan Sarkar,1,3,0,136,224,11,0,0,0,0,0
3058,B G Rogers,1,2,0,13,18,0,0,4,0,30,0
3061,W Mwayenga,1,1,0,0,0,0,0,9,0,74,0
3064,G J Batty,1,1,0,2,6,0,0,8.2,0,41,0
3112,D E Bernard,1,3,0,19,20,1,0,18,0,107,2
3114,T L Best,1,1,0,0,0,0,0,10,2,48,3
3124,J O Troughton,1,3,0,26,40,5,0,0,0,0,0
3128,C K Coventry,1,2,0,10,8,0,1,0,0,0,0
3144,Nafis Iqbal,1,3,0,28,94,3,0,0,0,0,0
3151,M D J Walker,1,3,0,10,6,2,0,22,0,119,4
3152,R A Jones,1,5,0,168,329,14,2,0,0,0,0
3159,R S Gavaskar,1,2,0,33,66,2,0,3,0,18,0
3209,A G Wharf,1,3,0,9,15,0,1,23.3,0,107,6
3276,N Deonarine,1,1,0,4,14,0,0,2,0,15,0
3289,L H D Dilhara,1,2,0,34,26,3,3,5,0,29,1
3330,B J Hodge,1,7,0,59,108,7,0,2,0,18,0
3350,M S Panesar,1,6,0,0,0,0,0,56,2,268,6
3354,V R Singh,1,2,0,8,13,1,0,12,0,105,0
3393,E C Joyce,1,2,0,21,29,4,0,0,0,0,0
3395,J W M Dalrymple,1,5,0,102,156,8,0,26,0,95,4
3437,A N Petersen,1,2,0,18,37,1,0,0,0,0,0
3469,Najaf Shah,1,1,0,0,2,0,0,10,1,59,0
3477,T Tshabalala,1,1,0,0,0,0,0,8,2,42,1
3517,Junaid Siddique,1,2,0,6,21,1,0,0,0,0,0
3520,Samiullah Khan,1,2,0,0,0,0,0,20,0,115,0
3528,Rizwan Ahmed,1,1,0,0,0,0,0,4,0,26,0
3537,Raqibul Hasan,1,1,0,12,40,1,0,0,0,0,0
3544,M L Udawatte,1,1,0,43,55,6,0,0,0,0,0
3546,Naumanullah,1,1,0,5,4,1,0,0,0,0,0
3547,A J Redmond,1,3,0,79,129,10,0,0,0,0,0
3596,S E Findlay,1,2,0,17,34,2,0,0,0,0,0
3610,B P Nash,1,2,0,10,14,1,0,5,0,33,0
3616,Naeem Islam,1,1,0,5,13,1,0,0,0,0,0
3617,Imrul Kayes,1,1,0,6,26,0,0,0,0,0,0
3622,R W Chakabva,1,1,0,27,43,3,0,0,0,0,0
3648,M J North,1,2,0,6,19,0,0,3,0,16,0
3652,E P Thompson,1,1,0,0,0,0,0,4,0,42,0
3657,B Laughlin,1,2,0,0,0,0,0,16,0,105,1
3658,R E van der Merwe,1,2,0,12,11,1,1,20,0,109,3
3663,Noor Ali Zadran,1,1,0,9,8,1,0,0,0,0,0
3664,Karim Sadiq,1,1,0,40,47,2,2,2,0,10,0
3665,Mohammad Nabi,1,1,0,37,56,0,2,5.1,0,29,0
3666,Nawroz Mangal,1,1,0,11,17,2,0,0,0,0,0
3669,Samiullah Shinwari,1,1,0,32,68,4,0,4,0,22,1
3677,S M Davies,1,5,0,197,186,31,0,0,0,0,0
3680,M C Henriques,1,2,0,18,30,0,0,15,0,84,1
3682,R K Kleinveldt,1,3,0,18,22,3,0,24.3,3,150,6
3699,I Udana,1,2,0,0,0,0,0,12,0,84,0
3702,Shahzaib Hasan,1,1,0,39,42,6,0,0,0,0,0
3704,A M Nayar,1,1,0,0,0,0,0,0,0,0,0
3713,C A K Walton,1,3,0,36,52,6,0,0,0,0,0
3719,G A Manou,1,4,0,7,6,0,0,0,0,0,0
3724,J L Denly,1,2,0,17,21,0,0,6,0,36,0
3727,Mirwais Ashraf,1,1,0,12,27,2,0,5,0,27,0
3728,Mohammad Shahzad,1,1,0,20,17,3,1,0,0,0,0
3748,Shafiul Islam,1,3,0,0,12,0,0,19,1,90,3
3769,S W Masakadza,1,1,0,0,1,0,0,10,1,65,1
3824,J Theron,1,1,0,5,5,0,0,8,0,49,1
3837,Tanvir Ahmed,1,1,0,18,12,1,2,6,0,45,1
3840,D G Brownlie,1,4,0,137,174,19,0,0,0,0,0
3841,L J Woodcock,1,2,0,11,19,1,0,13,0,73,0
3862,Usman Salahuddin,1,2,0,13,28,0,0,0,0,0,0
3863,K C Brathwaite,1,3,0,85,148,7,0,7,0,40,0
3875,Dawlat Zadran,1,1,0,12,19,0,1,9,2,38,2
3877,Gulbadin Naib,1,1,0,7,23,1,0,0,0,0,0
3882,S G Borthwick,1,1,0,3,7,0,0,8,0,59,0
3917,S C Meaker,1,2,0,2,16,0,0,19,1,110,2
3918,N M,1,1,0,16,14,0,2,6,0,26,0
3921,C K B Kulasekara,1,1,0,0,6,0,0,3,0,17,0
3935,Amir Hamza,1,1,0,0,6,0,0,4,0,22,0
3940,D R Briggs,1,1,0,0,0,0,0,10,0,39,2
3956,S Weerakoon,1,1,0,0,0,0,0,10,0,49,1
3965,Abul Hasan,1,1,0,0,0,0,0,5,0,42,0
3966,Ziaur Rahman,1,2,0,2,5,0,0,2,0,11,0
3970,Raza Hasan,1,1,0,0,2,0,0,10,0,68,1
3972,E M D Y Munaweera,1,2,0,15,29,2,0,0,0,0,0
3979,Anamul Haque,1,2,0,44,68,7,0,0,0,0,0
3980,Mominul Haque,1,1,0,6,17,0,0,0,0,0,0
3987,H Davids,1,1,0,7,18,0,0,0,0,0,0
3990,A M Phangiso,1,1,0,20,22,1,0,9,0,51,0
4003,Ehsan Adil,1,2,0,7,10,1,0,15.3,0,112,1
4012,K D K Vithanage,1,2,0,41,39,6,0,1,0,10,0
4034,S Kaul,1,2,0,1,2,0,0,18,0,121,0
4104,M A Agarwal,1,3,0,36,39,6,0,0,0,0,0
4108,C A Lynn,1,1,0,16,12,0,1,0,0,0,0
4115,K V Sharma,1,2,0,0,0,0,0,19,1,125,0
4123,K K Nair,1,2,0,46,88,6,0,0,0,0,0
4218,Asad Ali,1,3,0,13,16,0,1,20,2,93,1
4234,G S Ballance,1,1,0,7,19,1,0,0,0,0,0
4246,Shan Masood,1,5,0,111,145,12,0,0,0,0,0
4266,Mohammad Mithun,1,1,0,26,39,5,0,0,0,0,0
4269,M L Cummins,1,2,0,1,4,0,0,18,0,113,3
4270,P C de Silva,1,1,0,2,7,0,0,5,0,45,0
4278,M S Chapman,1,1,0,1,2,0,0,0,0,0,0
4307,H F Gurney,1,1,0,3,9,0,0,6.3,0,51,1
4311,Parvez Rasool,1,1,0,0,0,0,0,10,0,60,2
4331,S A Abbott,1,1,0,3,7,0,0,5,0,25,1
4426,R Kaia,1,1,0,0,0,0,0,0,0,0,0
4428,S W Billings,1,1,0,35,58,5,0,0,0,0,0
4430,Liton Das,1,3,0,78,104,8,0,0,0,0,0
4474,J D F Vandersay,1,4,0,49,116,1,0,34.5,1,164,4
4483,T S Chisoro,1,2,0,1,5,0,0,10,0,56,0
4488,Iftikhar Ahmed,1,2,0,8,31,1,0,10,0,49,1
4494,Zafar Gohar,1,1,0,15,15,0,1,10,0,54,2
4510,J S Paris,1,2,0,0,0,0,0,16,0,93,1
4511,S M Boland,1,4,0,0,0,0,0,39,0,259,1
4532,D A S Gunaratne,1,3,0,51,81,5,0,5,0,40,0
4566,L A Dawson,1,1,0,10,13,0,0,8,0,70,2
4568,J T Ball,1,3,0,0,0,0,0,30,0,203,5
4571,P A D L R Sandakan,1,1,0,5,8,0,0,6,0,63,0
4572,P S Masvaure,1,2,0,40,60,2,0,3,0,19,0
4589,D Pretorius,1,2,0,0,0,0,0,20,1,88,2
4608,T K Musakanda,1,4,0,55,62,6,1,0,0,0,0
4621,H W R Cartwright,1,2,0,2,23,0,0,0,0,0,0
4624,T A Blundell,1,2,0,31,35,4,0,0,0,0,0
4625,D Olivier,1,2,0,0,0,0,0,19,0,124,3
4641,D Paterson,1,1,0,0,0,0,0,8,1,37,0
4646,R Ngarava,1,2,0,2,11,0,0,11.5,0,91,0
4675,Mohammed Siraj,1,1,0,0,0,0,0,10,0,76,0
4683,Mohammad Abbas,1,3,0,0,0,0,0,27,0,153,1
4684,Washington Sundar,1,1,0,0,0,0,0,10,0,65,1
4695,K A Hope,1,3,0,100,148,16,0,0,0,0,0
4696,P W H de Silva,1,3,0,33,36,3,1,10.8,0,83,1
4699,P M Pushpakumara,1,2,0,11,26,0,1,19,0,105,1
4701,A K Markram,1,6,0,127,159,13,3,2,0,20,0
4702,S W Ambris,1,1,0,9,8,2,0,0,0,0,0
4707,P W A Mulder,1,1,0,0,0,0,0,3,0,20,1
4730,K Zondo,1,3,0,96,157,5,2,0,0,0,0
4746,Hussain Talat,1,1,0,2,14,0,0,2,0,16,0
4759,P P Shaw,1,3,0,84,82,12,2,0,0,0,0
4769,Shubman Gill,1,2,0,16,32,2,0,0,0,0,0
4777,J C Archer,1,1,0,0,0,0,0,10,0,62,1
4803,L N Roche,1,3,0,4,10,0,0,23,1,157,2
4804,T S Kamunhukamwe,1,2,0,37,49,3,2,0,0,0,0
4816,M Labuschagne,1,3,0,100,111,9,0,3,0,25,0
4821,C Hemraj,1,4,0,70,75,11,2,1.1,0,9,0
4830,K Pierre,1,2,0,21,18,3,0,16,0,108,0
4945,S Dube,1,1,0,9,6,1,0,7.5,0,68,0
4956,H R Walsh,1,1,0,0,0,0,0,5,0,31,0
4993,Saad Ali,1,2,0,11,23,0,0,0,0,0,0
42,Liaqat Ali,2,3,0,7,31,0,0,29,4,111,2
92,G G Arnold,2,3,0,2,11,0,0,23,4,69,3
102,C W J Athey,2,6,0,65,173,3,0,0,0,0,0
192,R J Blakey,2,3,0,25,50,3,0,0,0,0,0
205,D C Boon,2,7,0,243,287,23,2,0,0,0,0
237,B C Broad,2,6,0,255,457,14,0,0,0,0,0
256,M G Burgess,2,3,0,85,99,6,2,1,0,10,1
261,M G Burmester,2,4,0,92,170,7,0,13,0,75,1
319,C P S Chauhan,2,4,0,62,124,1,0,0,0,0,0
358,N G B Cook,2,2,0,0,0,0,0,14,1,52,3
373,N G Cowans,2,5,0,0,0,0,0,43,1,166,5
389,G J Crocker,2,4,0,53,64,2,2,31.4,1,154,6
390,C E H Croft,2,4,0,0,0,0,0,31,5,123,6
428,A M de Silva,2,2,0,12,24,0,0,0,0,0,0
429,D S De Silva,2,5,0,14,28,0,0,38,1,213,4
433,P S De Villiers,2,7,0,0,1,0,0,58.7,10,182,4
439,M H Denness,2,4,0,73,123,5,0,0,0,0,0
495,J H Edrich,2,4,0,133,191,8,1,0,0,0,0
497,G N Edwards,2,4,0,126,174,13,1,0.6,0,5,1
681,D R Hadlee,2,3,0,0,3,0,0,22,0,93,8
728,U C Hathurusinghe,2,7,0,155,336,9,0,12,1,50,0
810,K J Hughes,2,6,0,173,220,19,0,0,0,0,0
823,N Hussain,2,9,0,305,415,32,0,0,0,0,0
903,A I Kallicharran,2,4,0,88,153,1,0,3.3,0,10,2
957,C M Kuggeleijn,2,8,0,25,46,0,0,75.1,3,334,5
964,D S B Kuruppu,2,3,0,89,182,5,1,0,0,0,0
992,G F Lawson,2,6,0,2,11,0,0,48,4,201,3
1085,V J Marks,2,7,0,100,133,5,0,50,3,219,7
1088,G R Marsh,2,7,0,327,505,23,3,0,0,0,0
1114,M P Maynard,2,5,0,94,142,5,1,0,0,0,0
1255,S V Nayak,2,4,0,3,19,0,0,37,4,161,1
1326,J M Parker,2,3,0,16,32,2,0,2,0,10,1
1343,B P Patel,2,4,0,155,204,13,3,0,0,0,0
1432,A N Ranasinghe,2,4,0,79,59,2,2,27,1,159,2
1434,D Ranatunga,2,4,0,49,156,2,0,0,0,0,0
1458,J F Reid,2,6,0,174,267,12,0,0,0,0,0
1469,C J Richards,2,5,0,16,47,0,0,0,0,0,0
1491,G K Robertson,2,5,0,21,18,1,1,49,6,169,6
1500,G R J Roope,2,5,0,118,218,4,2,0,0,0,0
1548,T A P Sekar,2,4,0,0,0,0,0,26,0,128,5
1594,S A R Silva,2,6,0,111,236,6,0,0,0,0,0
1619,G C Small,2,2,0,4,4,1,0,15.1,0,101,2
1655,E D Solkar,2,4,0,6,35,0,0,34,4,141,4
1800,Rizwan-Uz-Zaman,2,2,0,6,77,0,0,0,0,0,0
1808,R H Vance,2,3,0,57,156,2,0,0,0,0,0
1854,B Warnapura,2,5,0,87,148,10,0,24,2,115,3
1856,S K Warne,2,7,0,63,111,5,0,68,2,340,9
2015,S L Campbell,2,6,0,230,364,24,0,1.4,0,5,0
2023,P J Martin,2,4,0,6,4,1,0,34.2,1,151,6
2052,V S Rathore,2,4,0,118,183,11,0,0,0,0,0
2061,M A Ealham,2,5,0,66,91,5,2,25,0,104,2
2062,Shadab Kabir,2,3,0,0,5,0,0,0,0,0,0
2070,Azam Khan,2,3,0,75,81,5,0,0,0,0,0
2078,Zahoor Elahi,2,4,0,143,203,14,6,0,0,0,0
2082,J N Gillespie,2,3,0,0,1,0,0,27,3,103,3
2084,A C Waller,2,2,0,34,52,5,1,0,0,0,0
2088,A F G Griffith,2,2,0,4,20,0,0,0,0,0,0
2091,M J Horne,2,8,0,235,338,23,2,0,0,0,0
2134,T N Madondo,2,4,0,113,160,15,0,0,0,0,0
2135,D P Viljoen,2,3,0,28,38,2,0,18,0,97,3
2162,D Ganga,2,5,0,56,125,4,0,0,0,0,0
2165,R D King,2,4,0,1,12,0,0,38,4,147,2
2167,Wajahatullah Wasti,2,4,0,72,166,8,0,5,0,36,3
2187,M S K Prasad,2,8,0,44,105,5,0,0,0,0,0
2201,R W Price,2,8,0,24,31,2,0,79,4,347,8
2234,Mehrab Hossain,2,4,0,66,128,7,0,1,0,14,0
2236,Aminul Islam,2,2,0,47,87,4,0,6,0,33,1
2238,Al Sahariar Rokon,2,4,0,70,130,7,0,0,0,0,0
2618,Arshad Pervez,2,2,0,11,47,0,0,0,0,0,0
2646,H R Bryan,2,3,0,16,32,1,0,28,1,112,1
2658,D N Crookes,2,4,0,32,36,3,1,31,3,185,3
2694,R S Ghai,2,4,0,0,0,0,0,27.2,0,152,1
2716,Hasan Jamil,2,6,0,111,120,3,2,35,3,154,8
2718,R C Haynes,2,2,0,0,1,0,0,16,0,63,2
2733,Javed Omar,2,5,0,144,281,14,2,0,0,0,0
2749,T A S Kumaran,2,5,0,8,9,1,0,35,4,162,5
2817,A K Patel,2,7,0,6,11,0,0,60,4,263,7
2837,Randhir Singh,2,2,0,0,0,0,0,12,0,48,1
2851,Sajid Ali,2,3,0,33,99,2,0,0,0,0,0
2861,Sanwar Hossain,2,3,0,26,55,3,0,6,0,33,0
2885,M J Smith,2,3,0,20,52,1,0,0,0,0,0
2961,D D Ebrahim,2,8,0,139,261,9,0,0,0,0,0
2998,Tushar Imran,2,7,0,165,255,16,0,0,0,0,0
3004,R O Hinds,2,4,0,29,51,2,0,18.5,0,106,3
3031,Alok Kapali,2,6,0,217,284,19,1,12,0,69,1
3059,S Matsikenyeri,2,4,0,5,19,0,0,0.2,0,2,0
3104,K S Lokuarachchi,2,3,0,16,27,1,0,26,3,95,4
3118,A McGrath,2,4,0,37,94,2,0,15,1,61,1
3123,R Clarke,2,6,0,49,72,5,0,29.2,0,164,4
3129,M N van Wyk,2,5,0,197,271,22,1,0,0,0,0
3131,Rajin Saleh,2,8,0,307,491,24,1,28,0,162,5
3230,Bazid Khan,2,3,0,119,197,6,1,0,0,0,0
3269,X M Marshall,2,5,0,37,65,5,0,0,0,0,0
3281,J Lewis,2,5,0,26,21,3,0,47,7,180,8
3283,Shahriar Nafees,2,6,0,67,131,8,0,0,0,0,0
3326,S R Clark,2,6,0,2,10,0,0,35.5,3,144,6
3336,J M How,2,7,0,90,169,11,1,0,0,0,0
3358,S Chattergoon,2,4,0,39,85,4,0,0,0,0,0
3414,Farhad Reza,2,7,0,83,121,8,1,32,2,187,4
3455,B W Hilfenhaus,2,5,0,20,29,2,0,44,4,260,5
3467,B S M Warnapura,2,3,0,35,76,5,0,0,0,0,0
3526,Abdur Rauf,2,2,0,0,0,0,0,17.4,0,122,3
3595,D J Hussey,2,5,0,56,75,0,3,6,0,29,0
3634,N T Broom,2,3,0,2,14,0,0,0,0,0,0
3647,P J Hughes,2,7,0,204,282,23,1,0,0,0,0
3725,T D Paine,2,3,0,67,100,11,0,0,0,0,0
3737,B J Watling,2,3,0,14,23,1,0,0,0,0,0
3739,A B Barath,2,3,0,34,67,4,0,0,0,0,0
3746,S Randiv,2,5,0,20,30,2,0,48,1,285,8
3767,A Mithun,2,4,0,47,39,2,4,26,1,179,3
3780,C R Ervine,2,2,0,21,45,1,0,0,0,0,0
3826,C A Pujara,2,4,0,24,67,2,0,0,0,0,0
3858,D P Hyatt,2,6,0,64,121,5,2,0,0,0,0
3860,Hammad Azam,2,7,0,41,82,1,1,16,0,88,1
3908,C R Brathwaite,2,4,0,45,44,3,3,31.3,0,205,6
3911,D A J Bracewell,2,4,0,94,125,7,3,31,2,175,2
3923,R Sharma,2,3,0,0,0,0,0,28,0,133,5
3989,C H Morris,2,6,0,78,89,7,2,44,0,264,3
4002,K J Abbott,2,3,0,5,4,1,0,21.2,0,105,2
4004,C T Mutombodzi,2,3,0,16,21,0,1,15.5,0,115,0
4248,A P Devcich,2,6,0,102,125,10,0,24,2,128,1
4336,B B Chari,2,5,0,62,127,2,0,0,0,0,0
4373,J L Carter,2,4,0,50,74,3,1,2.1,0,25,0
4413,Sami Aslam,2,4,0,78,117,9,0,0,0,0,0
4419,J M Vince,2,3,0,103,98,18,0,0,0,0,0
4454,S S Pathirana,2,6,0,75,92,6,2,46,1,312,5
4481,Bilal Asif,2,3,0,40,49,6,1,22,1,96,5
4485,B K G Mendis,2,6,0,69,134,8,0,0,0,0,0
4487,M D Gunathilaka,2,5,0,84,123,9,0,1,0,12,0
4512,B B Sran,2,6,0,0,0,0,0,50.2,2,269,7
4605,R Powell,2,8,0,124,189,11,3,5,0,29,0
4704,S Samarawickrama,2,3,0,42,62,5,0,0,0,0,0
4822,O R Thomas,2,3,0,0,3,0,0,17,0,148,2
4991,Mohammad Hasnain,2,5,0,28,18,4,1,41,0,303,5
4992,Abid Ali,2,3,0,117,129,10,0,0,0,0,0
31,Intikhab Alam,3,4,0,17,45,1,0,23,2,118,4
101,M A Atherton,3,8,0,182,325,11,0,0,0,0,0
218,G Boycott,3,5,0,20,51,0,0,0,0,0,0
396,A C Cummins,3,8,0,45,66,1,0,60.2,1,302,7
458,A A Donald,3,14,0,5,31,0,0,127.4,15,491,24
462,D R Doshi,3,5,0,0,0,0,0,43,2,211,7
464,S B Doull,3,7,0,3,13,0,0,51,4,263,7
559,G Fowler,3,9,0,217,392,18,1,0,0,0,0
749,E E Hemmings,3,6,0,4,10,0,0,62,6,253,5
804,G P Howarth,3,6,0,156,243,12,0,2,0,9,1
809,A C Hudson,3,10,0,323,508,32,1,0,0,0,0
1004,J K Lever,3,6,0,0,4,0,0,47,3,192,5
1058,Shahid Mahboob,3,3,0,1,3,0,0,19,2,101,2
1322,G A Parkar,3,6,0,79,160,5,0,0,0,0,0
1527,M A R Samarasekera,3,6,0,154,171,16,2,7,0,43,0
1558,A H Omarshah,3,4,0,19,55,0,0,27,1,99,1
1562,G Sharma,3,8,0,11,24,0,0,54,1,241,8
1798,D L Underwood,3,6,0,17,49,2,0,49,5,176,9
1889,S Wettimuny,3,7,0,210,295,6,1,0,0,0,0
1907,K I W Wijegunawardene,3,8,0,8,23,0,0,60,2,364,7
1975,M N Hart,3,5,0,16,26,1,0,39.2,3,128,5
1984,S G Peall,3,4,0,4,15,0,0,30,1,135,1
2009,A R Kapoor,3,9,0,43,61,2,1,72,1,296,7
2037,L K Germon,3,12,0,94,162,7,0,0,0,0,0
2042,C M Spearman,3,11,0,243,308,38,1,0,0,0,0
2125,M W Goodwin,3,7,0,201,304,16,1,3,0,24,1
2210,N Boje,3,7,0,81,110,10,0,53,4,240,6
2235,Habibul Bashar,3,10,0,222,397,21,2,0,0,0,0
2963,A R Adams,3,9,0,90,106,10,3,81.6,6,419,19
2994,Naved Latif,3,7,0,116,220,17,1,8,0,51,0
3013,A G Prince,3,9,0,126,227,13,0,2,0,3,0
3105,D S Smith,3,8,0,119,203,15,2,2,0,12,0
3173,T Mupariwa,3,3,0,1,9,0,0,23,0,137,5
3224,Aftab Ahmed,3,10,0,219,321,20,3,16,0,100,0
3436,L L Bosman,3,6,0,129,121,16,4,0,0,0,0
3498,T Maruma,3,4,0,47,90,2,1,0,0,0,0
3524,Khalid Latif,3,5,0,147,228,13,0,0,0,0,0
3527,Khurram Manzoor,3,7,0,236,375,21,0,0,0,0,0
3532,J D Ryder,3,12,0,481,421,54,18,17,0,112,3
3631,D E Bollinger,3,10,0,0,1,0,0,91.8,8,366,18
3740,A B Dinda,3,6,0,3,6,0,0,47.5,0,299,7
3838,J D Unadkat,3,7,0,0,0,0,0,52,5,209,8
3903,J Charles,3,10,0,199,269,25,3,0,0,0,0
3994,M D K J Perera,3,13,0,376,358,41,11,0,0,0,0
4027,V Shankar,3,9,0,165,171,14,4,33.3,0,188,2
4681,S O Hetmeyer,3,10,0,482,383,31,25,0,0,0,0
509,J E Emburey,4,9,0,69,99,5,1,83.3,9,332,11
859,Jalaluddin,4,7,0,5,5,1,0,51,7,211,14
1068,Aamer Malik,4,9,0,97,233,8,0,0,0,0,0
1301,Qasim Omar,4,7,0,66,136,5,1,0,0,0,0
1720,C J Tavare,4,7,0,172,318,12,0,2,0,3,0
1976,M L Hayden,4,12,0,695,816,68,11,0,0,0,0
1983,M H Dekker,4,9,0,137,273,7,1,13.5,0,82,2
2146,A F Giles,4,12,0,74,126,4,0,108,2,443,16
2172,P T Collins,4,8,0,11,17,1,0,71,3,347,13
2744,Khaled Mahmud,4,12,0,146,207,13,0,111.8,3,611,12
2964,Mohammad Ashraful,4,13,0,187,231,19,2,2,0,26,0
2982,Taufeeq Umar,4,6,0,173,261,12,1,11,0,77,1
3022,D B Powell,4,11,0,17,43,0,0,91,6,466,14
3162,J A Morkel,4,9,0,70,95,6,1,56.9,2,313,11
3842,U T Khawaja,4,16,0,825,1010,82,4,0,0,0,0
3865,J W Dernbach,4,12,0,7,17,0,0,102.7,1,696,14
3887,A D Hales,4,15,0,509,555,59,8,0,0,0,0
3985,C Munro,4,15,0,381,338,46,13,39,1,180,2
4243,I S Sodhi,4,9,0,50,58,2,4,69.1,4,401,7
4539,K K Ahmed,4,8,0,8,16,1,0,57,1,345,11
37,Ashraf Ali,5,5,0,6,7,1,0,0,0,0,0
967,G F Labrooy,5,11,0,62,52,4,1,92,2,542,15
1344,D N Patel,5,12,0,65,123,3,1,95,7,390,5
1520,K R Rutherford,5,19,0,484,853,31,1,7,0,41,0
2071,Hasan Raza,5,9,0,126,261,9,0,0,0,0,0
3157,D R Smith,5,13,0,196,229,18,7,62,4,292,3
3525,Sohail Khan,5,6,0,4,9,1,0,49.1,1,233,7
3626,M Vijay,5,11,0,236,342,24,3,6,0,37,1
3720,K O A Powell,5,13,0,340,416,39,4,0,0,0,0
3793,Umar Amin,5,10,0,191,266,21,2,3,0,13,0
4252,Sharjeel Khan,5,20,0,576,534,77,16,0,0,0,0
4325,J J Roy,5,17,0,919,868,103,18,0,0,0,0
4538,E Lewis,5,12,0,324,445,35,8,0,0,0,0
4542,R R Pant,5,11,0,258,231,25,9,0,0,0,0
227,E A Brandes,6,12,0,36,45,3,0,97.4,6,418,11
906,R S Kaluwitharana,6,12,0,164,232,17,1,0,0,0,0
970,Arun Lal,6,13,0,122,232,10,1,0,0,0,0
1917,R G D Willis,6,11,0,0,0,0,0,96.7,18,310,11
1944,J G Wright,6,18,0,530,833,45,3,1,0,6,0
2065,C N Evans,6,12,0,192,255,22,2,39,1,215,6
3530,M K Tiwary,6,10,0,283,381,24,2,22,1,150,5
3640,M N Waller,6,14,0,197,301,20,1,11,0,58,1
627,G A Gooch,7,21,0,574,844,59,1,27,0,117,4
929,Majid Khan,7,12,0,341,412,26,4,45,3,188,6
3988,Q de Kock,7,19,0,999,1073,120,11,0,0,0,0
1200,Sadiq Mohammad,8,12,0,194,403,18,0,0.2,0,6,0
2977,H Masakadza,9,32,0,803,1177,76,14,62.3,1,338,3
1349,S M Patil,11,23,0,459,538,35,7,64,2,257,9
2217,C H Gayle,14,48,0,1794,1962,219,46,230.2,3,1134,30
872,S T Jayasuriya,17,59,0,1342,1562,146,20,334.6,4,1691,34
1664,K Srikkanth,17,60,0,1829,2515,169,18,65.8,2,355,20
3675,Ahmed Shehzad,18,62,0,2069,2887,200,15,18.7,0,140,2
