series_played,pid,batAGR,batRI,bowlAGR,bowlRI
1,14336.0,-55.027642276422775,-0.2,439.2422764227642,1.5384069250920689
1,10242.0,-91.99197860962566,-0.2845348035837354,857.0,2.5582089552238805
1,14338.0,-27.513821138211387,-0.1,-1.1102230246251563e-16,-3.88845719357875e-19
1,14339.0,-27.513821138211387,-0.1,-24.0,-0.08405786096662743
5,8198.0,86.57874751110829,0.3139808385535832,682.389565121314,2.3217868814994915
3,10247.0,-35.48578852980949,-0.12430601559583442,168.79868485085876,0.5325580154241641
3,8200.0,-1.946041366019467,-0.007319698546097579,-1.9999999999999998,-0.006594854308741474
2,10249.0,-83.25131807451929,-0.29163438667835395,836.8301046006102,2.7908934764593067
3,10250.0,30.20807519162446,0.10860983751070709,73.29289428076258,0.2593100906019707
1,10251.0,-104.6873156342183,-0.3774220993300011,476.1414362910172,1.6577741893459932
5,8204.0,46.7193239918857,0.16005997795615484,606.9434262010973,2.0646427706806607
4,8205.0,38.338078112343354,0.13606598776109521,1.1102230246251565e-16,3.314098580970616e-19
4,10254.0,1.7652144406118104,0.00028640741506164025,101.09256069035158,0.35335608860447304
4,10252.0,-52.555203722265595,-0.18484557121923756,670.2193844885725,2.264521113402436
4,10256.0,-30.054716265382325,-0.10688481395726997,2.220446049250313e-16,7.233931441357432e-19
4,10253.0,30.016813533051195,0.10682584563453128,-4.000000000000001,-0.013650921985770115
4,10258.0,45.86634854185668,0.16391144195030038,51.03880460738867,0.1777010074827603
4,12305.0,-11.613728300824294,-0.03827096711319559,815.3817186770808,2.6930381613588663
5,10260.0,-55.23940979546747,-0.19100336137624074,1132.186617294202,3.7454468701206842
2,12306.0,-100.80239353513011,-0.3291760518810335,326.4600470035253,0.9999518545678304
1,10262.0,-9.737463126843656,-0.035105817292353486,267.6607669616519,0.9319103046901746
2,12309.0,-48.48792968741817,-0.15319928588884493,304.5,0.9075496375068242
2,12312.0,-12.124955227257024,-0.041986139595250216,788.0631190196408,2.370407206671011
1,8209.0,-0.6451233842538215,-0.002200092171438885,137.9600470035253,0.4549132052076876
1,14354.0,-100.5691056910569,-0.36552213226168667,693.2274356467905,2.4279673084937325
3,10267.0,-55.284257499553256,-0.19840119380955326,697.6679076718557,2.3871005487445687
2,12316.0,-60.67276566067659,-0.21084454358317278,82.47286416851631,0.2719482618079951
1,10261.0,-44.027642276422775,-0.16002009337509604,-2.220446049250313e-16,-7.7769143871575e-19
2,10270.0,-65.81855099693973,-0.2120902687130385,546.9800235017626,1.6479190474317809
1,10264.0,-29.541463414634148,-0.10736954080728092,-4.440892098500626e-16,-1.5553828774315e-18
1,12322.0,-92.3474870017331,-0.3386475579141377,896.4850356086978,3.165194220873297
3,10275.0,-29.379717245860586,-0.10250856116576702,283.60725450968806,0.9893750225195409
5,10276.0,51.44316258605225,0.16523295583227537,1.7763568394002506e-16,5.352758796445891e-19
2,10277.0,-33.48188678087759,-0.12221150155462933,303.2144657812793,1.068875807143153
1,12323.0,-52.53899480069325,-0.1926657980870063,235.8786828422877,0.8328101575646323
2,12328.0,2.24542575449256,0.008157460507298249,119.46004700352526,0.3902210959055316
4,12329.0,-10.280384174984677,-0.033576862322787136,225.07652646397563,0.752136123857194
1,12330.0,-28.808492201039858,-0.1056436493056659,4.440892098500626e-16,1.5679331441547262e-18
1,12331.0,-60.80849220103986,-0.2229908799135657,149.16077072076666,0.5266376913316957
3,12332.0,-33.057434758871054,-0.11297515355142657,514.8120945148298,1.7593579530795844
3,10285.0,-37.55356779982233,-0.13485820566053677,665.1843754235422,2.291234376562406
1,14383.0,-26.513821138211387,-0.09636546303409964,143.31056910569106,0.5019324955389347
1,12337.0,-48.027642276422775,-0.1745582412386975,139.9946673660285,0.4903188452301199
1,12338.0,-29.538994800693235,-0.10832247608757824,108.93934142114388,0.3846290347254093
1,10290.0,-47.027642276422775,-0.17092370427279713,437.93170731707323,1.5338167736056798
1,14385.0,-20.541463414634148,-0.07465870811417766,173.44850948509486,0.6074879456319526
1,10293.0,15.461005199306767,0.056697066954780925,0.0,0.0
2,10294.0,-43.90203395335951,-0.15146005534006984,-4.500000000000001,-0.015760848931242643
1,12340.0,-116.56910569105692,-0.4236747237160925,1197.4845528455285,4.19408291886556
3,12344.0,-25.57448467345542,-0.07968238212327414,1135.9549392152342,3.7542077008454213
4,10297.0,-27.67216762070152,-0.09525174532295796,21.625746915336666,0.07635340963836168
1,10298.0,-49.66131907308378,-0.15360441075120607,2.220446049250313e-16,6.628197161941232e-19
1,12346.0,-62.661319073083774,-0.19381392143349413,287.0,0.8567164179104477
2,12345.0,-68.41585509157089,-0.2399959601236765,1134.069351884129,3.8458129661846754
3,10301.0,2.390962003338018,0.006233975630992909,-9.333333333333334,-0.03077598677412688
4,8257.0,-57.42844672867592,-0.2004403039114951,127.41643039116974,0.4447936797946031
2,8258.0,-5.200313873777,-0.012949821314529573,2.220446049250313e-16,6.628197161941232e-19
4,2115.0,13.473459022559634,0.04505490754997682,593.6226921683393,2.0548252470484583
1,8260.0,-101.94985250737464,-0.3675529086461767,705.6519174041299,2.4568572406710034
5,69.0,28.05164956909862,0.0998475851930892,217.7832252636111,0.7169067136342153
5,8261.0,-68.2560307116575,-0.2378340526354607,1521.645702548251,5.186515139131927
4,8259.0,-11.557155466694216,-0.03880667510838465,69.24610051993066,0.24769846840866003
4,10311.0,-90.30808448267396,-0.30992395891845903,549.0616879155518,1.7454140157305305
3,73.0,-85.34010676044606,-0.30040226583496843,767.7386825750449,2.6270816872867737
5,74.0,77.00546730333795,0.2828996195745881,-1.3322676295501878e-16,-4.895892077337754e-19
2,75.0,-49.51044079078541,-0.18028490869644992,916.8878033567992,3.2248525474012855
1,70.0,19.65251299826691,0.07206774921351176,8.881784197001252e-16,3.1358662883094524e-18
2,10317.0,-66.34365781710915,-0.2391843028820589,748.9893729672491,2.6072160554435757
5,8270.0,-31.48271435709774,-0.10773846767328707,796.6618432249618,2.608125313326952
6,8271.0,19.052113883005788,0.07403785419617012,-1.4802973661668753e-16,-5.919739663524455e-19
5,10319.0,-39.50232459156053,-0.1362380559830651,458.7603156016181,1.542166743901721
2,8269.0,-15.532608695652176,-0.05,248.27388739258686,0.8027199997016976
1,10313.0,-40.53899480069324,-0.14866058660904385,0.0,0.0
2,10323.0,-95.06411196819839,-0.30389032841623564,427.5580952817644,1.2922131837085102
4,8273.0,-12.8101089437777,-0.047434621907398236,3.3306690738754696e-16,1.0579405689136112e-18
3,10322.0,-4.9610301818078995,-0.025731345023228647,-1.3333333333333333,-0.003980099502487563
1,12365.0,-64.66131907308376,-0.2,-78.0,-0.2328358208955224
4,8279.0,-10.231679593002719,-0.03412771493924004,-2.220446049250313e-16,-7.7769143871575e-19
4,8280.0,83.57487530614654,0.2886499491318751,-2.220446049250313e-16,-7.7769143871575e-19
5,8281.0,-29.883910729748976,-0.09995682604438355,1158.4284030120787,3.8659083934740166
4,10329.0,-13.485450073871931,-0.03791028084917614,-2.220446049250313e-16,-7.7769143871575e-19
1,10330.0,-60.07798960138648,-0.22031205313165336,0.0,0.0
5,8284.0,15.896287389635072,0.043559080045453,-1.7763568394002506e-16,-5.80720621119766e-19
4,8285.0,17.82683650050202,0.05675143563478574,433.92125960284824,1.4559153422657758
4,10332.0,-35.51227496874642,-0.12387932300859764,-2.498001805406602e-16,-8.437463049159928e-19
3,10334.0,-22.97423954300514,-0.07706330933963901,591.9343633614809,1.8944927850821205
1,96.0,-55.47492625368732,-0.2,1279.5880731785005,4.455121774811828
3,10336.0,-59.60829395645377,-0.21715637496467308,0.0,4.183422241075427e-21
3,10335.0,-10.366271807862708,-0.023528532061375017,223.2800137942177,0.7595893998043377
2,8292.0,-14.769497400346616,-0.05416123804378911,294.26972490196977,1.0315320027775425
1,14438.0,-43.56910569105691,-0.15835352520536616,-5.0,-0.017512054368047383
1,14440.0,-55.02764227642276,-0.2,-98.0,-0.3432362656137287
6,8298.0,52.945680630471806,0.1842914856932587,298.0521029305216,0.9996261976988633
2,10354.0,-33.17621211480745,-0.12048686530343489,361.0124297563321,1.2642019043247372
4,10356.0,-9.955133507270286,-0.04017883357094035,63.078829825002146,0.2255263198274821
5,10357.0,-24.68784164270121,-0.08711197129742707,372.58530992369685,1.2993445614045602
1,8311.0,-70.21238938053098,-0.25313197915558866,588.5037898329298,2.0489844377271127
3,10360.0,-29.91093015988238,-0.1055034425490761,-7.401486830834377e-17,-2.5923047957191667e-19
2,10363.0,-17.503480263595133,-0.0633599247269562,333.84835355285963,1.1797131256167654
4,10364.0,-0.4837374752626866,-0.008879275643812336,69.91485157874834,0.22107620494862917
1,10365.0,29.97235772357723,0.1089356421015306,-5.0,-0.017512054368047383
1,10366.0,-33.64512338425382,-0.11474141903941333,113.96004700352528,0.3757749535027898
1,10367.0,-27.737463126843657,-0.1,119.33038348082596,0.415470729202328
1,10368.0,-52.474926253687315,-0.18918430288205887,576.3215339233037,2.0065696679219447
2,10369.0,-52.65727015087628,-0.16752308752584427,481.69284311286833,1.588347060946416
1,10371.0,14.922010398613534,0.054720518605611945,-59.0,-0.20830962215083373
2,10372.0,18.693595769682727,0.06375157793495903,84.77843728699598,0.2795507212152572
2,2180.0,-37.42967622978229,-0.12782393507345924,1165.2777019861855,3.9844510560122113
1,10373.0,-65.61280846063454,-0.22376219768769912,209.65306499195896,0.6913157095015385
1,14467.0,-10.569105691056912,-0.03841380533065422,-9.0,-0.031521697862485286
1,14468.0,-10.027642276422768,-0.036445836534483786,-2.220446049250313e-16,-7.7769143871575e-19
1,10379.0,137.4032520325203,0.4993971987471189,-8.881784197001252e-16,-3.110765754863e-18
3,10381.0,-10.50085617670336,-0.03786806484173496,958.6422676551459,3.315633569645841
4,6286.0,-39.28491763099739,-0.13224777886214154,510.16469310216894,1.5951841876279291
1,6288.0,-25.06521739130435,-0.08068579426172147,150.38563327032136,0.4709148489063841
3,145.0,142.78484278072946,0.5206019898201663,0.0,8.366844482150854e-21
5,2195.0,79.2094149856378,0.261961635521234,-4.0,-0.011940298507462685
1,6291.0,-22.61280846063456,-0.07711743843549006,-8.881784197001252e-16,-2.9287036390452825e-18
5,6293.0,-74.80352333702623,-0.26156492925093444,1197.772174461843,3.990541070657854
3,6296.0,-40.025388711472125,-0.1451939589407061,681.730281528505,2.383976244385019
1,12443.0,-51.538994800693224,-0.18899869713050932,1087.5753899480071,3.8398715006883903
1,12445.0,-60.80849220103986,-0.22299087991356573,920.636048526863,3.2504635153740247
4,8350.0,-12.46976170434709,-0.0395369480367677,2.220446049250313e-16,6.628197161941232e-19
5,8351.0,61.493102338575525,0.2110462767581888,281.2618345041532,0.9271311118932178
1,6301.0,-82.61280846063454,-0.2817380327408981,129.9187469548021,0.42839760407058497
3,8353.0,-77.0109489851905,-0.27260084514941824,1468.418340441176,5.059308948555291
1,8354.0,0.0,0.0,278.6607669616519,0.9702088325915782
3,6305.0,8.236974742476562,0.018370946054544184,-4.440892098500626e-16,-1.4946955054922608e-18
4,8356.0,-33.13437431984222,-0.11269960741813022,516.7477200549343,1.7035058287123572
1,12452.0,-27.513821138211387,-0.1,-1.1102230246251563e-16,-3.88845719357875e-19
5,8358.0,-6.328109854350884,-0.02649367634001488,-8.881784197001253e-17,-3.0856652214165474e-19
5,2215.0,51.41034951507711,0.1846211190691019,-1.2000000000000002,-0.004236805874254246
5,6311.0,8.227630198598238,0.028597553874138277,8.881784197001253e-17,2.701479931669398e-19
1,14504.0,47.917073170731676,0.1741563737367767,140.77511888326433,0.4930523071104116
1,6314.0,-66.16224188790562,-0.2385302563011805,1086.3126843657815,3.782197877439233
5,6315.0,36.203201490909564,0.1354589524465462,-3.552713678800501e-16,-1.2078938787816565e-18
2,12460.0,-30.3266106143344,-0.09829482838078829,-79.0,-0.24534764761129252
1,14508.0,-73.05528455284555,-0.2655221322616867,-4.440892098500626e-16,-1.5553828774315e-18
1,6310.0,-26.06521739130435,-0.08390482855143458,0.0,0.0
6,6319.0,21.310890538152574,0.07528488680061968,351.13754043602506,1.2002169729763559
1,15503.0,-44.055284552845535,-0.16012056025057628,297.586661953576,1.0422707606673522
5,6322.0,34.45094156295708,0.124616743498755,22.360237861122812,0.07766889696119894
6,6323.0,-42.01568111408947,-0.1449701534222211,353.46356824590515,1.1935435476755651
1,12467.0,-118.3474870017331,-0.4339921827830564,1142.9324687742785,4.035319164648973
1,14518.0,-49.027642276422775,-0.17819277820459786,-4.440892098500626e-16,-1.5553828774315e-18
5,6327.0,-96.09880158403193,-0.3298370210363789,1523.3885785364819,5.119408495046615
3,6328.0,-83.66517572838062,-0.29932834137399655,967.2463251239396,3.3396114422493763
1,14521.0,-40.027642276422775,-0.1454819455114946,-2.220446049250313e-16,-7.7769143871575e-19
1,14526.0,-32.02764227642277,-0.11640564978429173,-4.440892098500626e-16,-1.5553828774315e-18
2,12493.0,-37.64921053348162,-0.11956722483833712,0.0,0.0
1,14548.0,32.430894308943074,0.11787128420306126,810.9733368301427,2.840361833121252
1,12503.0,-2.0276422764227706,-0.007369540807280917,-4.440892098500626e-16,-1.5553828774315e-18
1,8184.0,129.38719153936543,0.441254733804877,-8.881784197001252e-16,-2.9287036390452825e-18
5,6375.0,-41.18963696113719,-0.14487836670356696,1156.8917622447348,3.8800501050444773
4,8424.0,63.25770290510764,0.21832144156442235,519.5156844773394,1.6800360961823224
5,8425.0,109.17856061058406,0.3844922673295172,360.907099370552,1.2085525130717811
2,8426.0,-128.8317101831418,-0.4492341715640735,1543.3272973928329,5.18803430681408
2,10478.0,8.351430161615308,0.03018637373213818,-4.440892098500626e-16,-1.5553828774315e-18
3,10484.0,-30.439802309480196,-0.10527675211688949,533.8186296376238,1.8775906077345048
2,6389.0,-25.918191415169147,-0.09091365758524911,1697.586306519654,5.704409371419059
4,8190.0,-25.116045510912386,-0.08984170309039541,247.85947882165794,0.8434607213655461
1,12537.0,-27.322561692126907,-0.09317931352315308,335.9200940070505,1.1076720396776192
1,10489.0,0.0,0.0,1879.492457352319,6.582754819497758
1,6398.0,-12.212389380530979,-0.04402850154206107,0.0,0.0
1,10494.0,0.0,0.0,116.31056910569104,0.4073674019514787
2,8600.0,-61.97578292079571,-0.20300386981674268,-9.5,-0.031325557966522005
1,10504.0,-30.474926253687315,-0.10986919068382432,0.0,0.0
2,265.0,3.2486158187757894,0.011523996611497778,4.440892098500626e-16,1.5679331441547262e-18
1,269.0,-25.269497400346623,-0.09266579808700626,139.59395091407168,0.4928603927025814
1,270.0,-81.80849220103985,-0.3,361.8180242634315,1.2774606088419764
1,10509.0,-43.96768507638073,-0.14994489750936746,0.0,0.0
1,14606.0,31.91707317073171,0.11600378228237106,386.2422764227642,1.3527791487907663
1,14607.0,-95.08292682926829,-0.3455824123869748,-8.881784197001252e-16,-3.110765754863e-18
1,14613.0,-68.08292682926832,-0.24744991430766514,-25.000000000000004,-0.08756027184023693
3,10520.0,-5.677022491213745,-0.017177635886154036,-2.590520390792032e-16,-9.26451965588646e-19
1,10523.0,-14.027642276422768,-0.050983984398085234,577.2422764227642,2.0217396256501767
1,14619.0,-27.513821138211387,-0.1,267.6211382113821,0.9373191844792892
1,14621.0,-80.56910569105693,-0.29283139294367955,1240.7578772802651,4.345643880903014
1,14623.0,-93.56910569105692,-0.34008037350038417,-8.881784197001252e-16,-3.110765754863e-18
1,15525.0,-51.027642276422775,-0.18546185213639854,-122.0,-0.42729412658035615
1,14625.0,-3.513821138211385,-0.01277111281839136,306.6211382113821,1.0739132085500591
1,10531.0,-27.51382113821138,-0.1,20.349980642663567,0.07127399348060724
1,14628.0,44.917073170731705,0.1632527628390757,90.06690715913784,0.31545131498653955
1,14629.0,-27.51382113821138,-0.1,-107.0,-0.3747579634762141
1,15526.0,-18.513821138211387,-0.06728916730689677,-24.0,-0.08405786096662743
1,10235.0,-26.269497400346623,-0.09633289904350313,-26.0,-0.09179746060884196
1,14632.0,-22.513821138211387,-0.08182731517049821,499.9317073170731,1.7509662477694672
1,15527.0,-127.5691056910569,-0.4636546303409964,2096.867666704836,7.344092116387148
4,10541.0,-74.87583684042644,-0.25713074887927734,764.2132253999378,2.5005680831979484
1,15529.0,-27.513821138211387,-0.1,1391.7951219512195,4.874638368958579
5,308.0,29.524032288494034,0.10228680592476751,-6.661338147750939e-17,-2.0587212735869893e-19
1,10645.0,-99.5691056910569,-0.3618875952957863,1516.4162601626017,5.311112798511713
4,10551.0,-84.06413875247503,-0.2901955076446304,1604.5291834284776,5.373615065179978
1,10554.0,0.03231492361927124,0.00011020498126515248,602.8401880141013,1.9878216057036582
1,14650.0,28.40325203252031,0.10323266946397963,1496.636531165312,5.241836060594557
1,14651.0,-25.513821138211387,-0.09273092606819927,-1.1102230246251563e-16,-3.88845719357875e-19
1,14653.0,-27.513821138211387,-0.1,-1.1102230246251563e-16,-3.88845719357875e-19
1,10562.0,-26.027642276422768,-0.09459842798888957,-2.220446049250313e-16,-7.7769143871575e-19
1,14659.0,-66.54146341463415,-0.24184740854559425,1016.1739837398372,3.5590588101294647
1,14662.0,-81.54146341463414,-0.2963654630340996,217.37998901583697,0.7613540372341759
1,14663.0,-39.541463414634144,-0.1437149104662845,-4.440892098500626e-16,-1.5553828774315e-18
1,14666.0,-70.05528455284554,-0.2546185213639856,1732.1666269196025,6.066759229026665
1,10649.0,-47.596747967479665,-0.17299213994444773,-8.881784197001252e-16,-3.110765754863e-18
2,12620.0,-33.49766367640176,-0.11973437575747757,-1.1102230246251565e-16,-3.88845719357875e-19
1,14669.0,-48.54146341463415,-0.17642574315938778,-4.440892098500626e-16,-1.5553828774315e-18
2,12623.0,-47.61859123836367,-0.16589656761576532,-9.0,-0.029676844389336637
2,12624.0,-74.26839538371883,-0.26500258881732774,249.52967428282327,0.870064848687761
1,8615.0,-23.322561692126907,-0.07953794056945919,-35.0,-0.11540995040297583
1,14671.0,-33.02764227642276,-0.12004018675019205,-26.0,-0.0910626827138464
3,12627.0,-63.78724233672771,-0.2171903849940521,1807.9665268874144,5.883733567846455
1,14672.0,-37.027642276422775,-0.13457833461379354,24.31056910569105,0.08514560157940695
1,12629.0,-10.269497400346618,-0.0376592837395532,0.0,0.0
3,12630.0,-24.129789762201952,-0.07823203298013205,659.9822271276329,2.2643753050574715
1,12625.0,-28.027642276422768,-0.10186750192069027,68.31056910569106,0.2392516800182239
1,14683.0,8.486178861788614,0.03084333077241297,-1.1102230246251563e-16,-3.88845719357875e-19
2,12638.0,-83.06556517360369,-0.27437896855774774,1055.7250483235769,3.5239118332048545
2,12640.0,71.79737991574024,0.2616534752854572,-14.000000000000002,-0.04903375223053268
1,12641.0,-29.322561692126907,-0.1,126.96004700352523,0.4186415065096093
1,14688.0,-39.082926829268295,-0.1420483422965546,161.00024089129778,0.5638889943514264
4,12643.0,-43.074524065011744,-0.15055897201469437,1654.226226170149,5.456571181893537
3,12644.0,-39.314087687007735,-0.13875721320506898,82.22090528782729,0.2908438572287722
1,12645.0,-50.538994800693246,-0.1853315961740125,0.0,0.0
2,12647.0,-31.33065953654189,-0.09690696071674708,424.34835355285963,1.4736828021434818
2,12648.0,-38.56957586879087,-0.1321586323048079,1.1102230246251565e-16,3.314098580970616e-19
1,12649.0,0.0,0.0,125.93934142114388,0.4446504512773444
3,12650.0,63.51462728684985,0.19645473802362498,393.4005270336501,1.2663783626138525
3,12651.0,-6.640906209671805,-0.022016578154215052,3.7007434154171876e-17,1.1046995269902057e-19
3,12652.0,-10.390155854699557,-0.04110697495390785,-7.401486830834377e-17,-2.9752105374579226e-19
1,12653.0,-86.3474870017331,-0.3166449521751565,1077.5753899480071,3.804564785069604
1,12654.0,-54.80849220103985,-0.20098827417458445,122.5939509140717,0.4328389761506462
3,12655.0,-33.98996844581532,-0.12248259202004308,-4.333333333333333,-0.015177113785641067
1,12656.0,-27.269497400346612,-0.09999999999999998,0.0,0.0
1,12658.0,-16.269497400346626,-0.05966188947853445,-41.0,-0.14475753403702005
3,12659.0,-58.204926789608045,-0.2113432940011805,0.0,0.0
1,12660.0,-28.808492201039854,-0.10564364930566587,4.440892098500626e-16,1.5679331441547262e-18
1,12661.0,-36.538994800693224,-0.1339921827830563,789.6967071057193,2.788159706287288
1,12662.0,-49.538994800693246,-0.18166449521751565,1041.0072410436599,3.675454661662487
3,12663.0,-34.209266404437095,-0.12039796919060985,287.5473232713335,0.9920777175951642
1,12664.0,-12.269497400346618,-0.04499348565254694,0.0,0.0
1,12665.0,-26.269497400346626,-0.09633289904350316,320.8786828422877,1.1329172403243075
1,12666.0,-47.538994800693224,-0.17433029330452188,-34.0,-0.12004283310387028
1,12667.0,-72.80849220103985,-0.2669960913915281,-38.99999999999999,-0.13769619091326293
1,14712.0,-27.513821138211387,-0.1,494.9317073170731,1.7334541934014198
4,12669.0,-30.587435300753548,-0.10996059004392401,89.11274509803923,0.3123144311278009
2,12670.0,-39.465408236715206,-0.129895244658856,1.1102230246251565e-16,3.314098580970616e-19
1,12672.0,-25.269497400346623,-0.09266579808700626,128.93934142114387,0.45524246596298
1,12673.0,-36.808492201039854,-0.13498045695764085,350.4773908933355,1.2374205571084875
3,10628.0,-34.53382941120157,-0.12358217045234161,-1.4802973661668753e-16,-5.184609591438333e-19
1,10629.0,-24.737463126843647,-0.08918430288205889,0.0,0.0
2,10630.0,-49.60711453765537,-0.17518221638243237,628.1965167712783,2.1369812131457957
1,14726.0,-48.54146341463415,-0.17642574315938778,1728.7268292682925,6.054711644329701
1,10632.0,-7.474926253687311,-0.02694884611294266,0.0,0.0
2,10633.0,-40.987891460397854,-0.1351294113598502,5.5511151231257815e-17,1.6570492904853085e-19
1,12683.0,-45.80849220103986,-0.16798436556611268,4.440892098500626e-16,1.5679331441547262e-18
5,10636.0,24.797042082887756,0.07324345200859346,0.0,-9.189737801730141e-20
1,12684.0,-27.269497400346612,-0.09999999999999998,-103.0,-0.3636591708734893
4,10638.0,-42.37649843183214,-0.1479178422554033,284.0264777998003,0.9448565461332106
1,10640.0,-27.737463126843657,-0.1,131.33038348082596,0.4572509414584047
1,12689.0,-18.269497400346626,-0.06699609139152818,0.0,0.0
4,10642.0,-50.109579812289255,-0.17807173375990681,1018.2393026583195,3.4680550765595077
1,12690.0,-0.26949740034661795,-0.0009882741745845026,0.0,0.0
1,12691.0,-18.269497400346612,-0.06699609139152815,-48.0,-0.1694722349701698
1,12692.0,-34.53899480069324,-0.1266579808700626,246.8786828422877,0.8716475447452962
1,10644.0,0.0,0.0,-36.0,-0.12710417622762735
4,8599.0,30.79551414429312,0.11540582608745778,-3.0,-0.010592014685635613
3,10647.0,-60.4478144245659,-0.21782615186851131,827.2150588741653,2.8626496243583817
4,12695.0,-29.564200840693946,-0.10094630127985114,284.6189758508744,0.8768448097698318
2,10650.0,-27.93482716861756,-0.09488212019403033,434.35593685547815,1.5458440850265358
1,10651.0,-54.474926253687315,-0.19639476762735292,-12.0,-0.041780212256076685
1,10652.0,-10.737463126843656,-0.038711049665000524,0.0,0.0
3,413.0,-3.1621723047497716,-0.009756136714183164,212.0333872553684,0.7079189188387014
2,10654.0,-52.00696052719028,-0.1890605657143592,358.8139231807003,1.2600005637135474
1,10655.0,-25.424778761061937,-0.09166223545676908,-49.0,-0.1706025333789798
2,8608.0,-47.265105403266425,-0.17134024512620388,1156.514274408231,4.046370415278661
1,10653.0,-24.269497400346623,-0.08899869713050937,-44.0,-0.15534954872265566
1,10657.0,-47.538994800693246,-0.1743302933045219,0.0,0.0
3,10659.0,-35.18101630569096,-0.12148662312097464,359.92506553570394,1.2088605611135392
1,10666.0,-136.65329768270945,-0.4226740179186769,1010.0,3.014925373134328
1,8610.0,52.03231492361928,0.1774480533792855,0.0,0.0
4,8614.0,-41.06828060747585,-0.14677686249062816,2.498001805406602e-16,8.668190366016285e-19
1,10662.0,0.0,0.0,-27.000000000000004,-0.09400547757617256
4,8616.0,-43.53500214411257,-0.13818854001270725,1384.7080560755446,4.6159427837538445
4,10664.0,-19.660731300961263,-0.06293358957790951,-4.5,-0.015667579596028755
5,10665.0,-48.71952005417014,-0.17673553432245445,1765.3163435748825,6.001533539062391
4,8618.0,-72.1293791922405,-0.25059763665980195,1033.2127947445308,3.3379652695177118
5,8617.0,60.22557832582909,0.20281873789993038,-8.881784197001253e-17,-3.1107657548629997e-19
1,10669.0,-16.73746312684366,-0.0603424439008827,0.0,0.0
1,10667.0,-60.80849220103986,-0.22299087991356573,41.939341421143844,0.1480740400795472
2,10671.0,50.4825986820243,0.1827022384737036,-24.5,-0.08606056840117485
5,10672.0,-16.836997343225573,-0.06060146924996477,270.6270626201791,0.9038814185699676
1,10673.0,-18.269497400346612,-0.06699609139152815,736.8263450692763,2.6014918225789962
3,10674.0,-8.132927399975811,-0.028013068251821913,159.11782987549202,0.48097747837706156
1,434.0,-37.47492625368732,-0.1351058172923535,1188.6430678466074,4.138479972612119
2,10668.0,151.13831121683717,0.5433332423459813,-2.0000000000000004,-0.006594854308741477
2,10680.0,3.124307909387902,0.010257285252934269,87.20648967551622,0.3029886370355311
3,10682.0,-55.09875954864122,-0.1911433900934756,552.0359839271513,1.8588400257203235
1,2123.0,-56.055284552845535,-0.20373500384138055,508.2422764227642,1.7800732753711226
2,10684.0,-39.40548040749039,-0.14361583104264966,992.461857660171,3.4825065888337456
2,8649.0,34.52159348271754,0.1240169495810497,-4.440892098500626e-16,-1.546178454014083e-18
1,8654.0,17.312684365781713,0.06241625013293633,0.0,0.0
1,463.0,-31.06521739130435,-0.1,-56.00000000000001,-0.17535738597685505
6,8656.0,-26.60762556186032,-0.08739794157452174,154.2094320634785,0.4874647115583855
5,466.0,-54.456449491757965,-0.18737777683397758,1632.0634242797792,5.492829371976184
3,8659.0,-56.14118004873202,-0.1984918693569301,820.1753361649181,2.845402419897141
2,8658.0,-84.11315521745576,-0.3045015152549632,713.4667247269047,2.4858284927308545
2,8661.0,-27.91819141516915,-0.09818273151704983,748.0085303983877,2.5070183369773744
2,8663.0,52.752096082370926,0.19148872894015573,2.220446049250313e-16,7.839665720773631e-19
5,8665.0,-81.53011762171808,-0.2863845243394076,888.3663785312532,3.0507713449319853
1,8666.0,10.312684365781712,0.037179623524407096,0.0,0.0
1,8682.0,50.74206815511164,0.17304786903640776,141.9452537707451,0.4680541342177002
4,8683.0,-43.466056234774854,-0.15809617784369495,1141.6931338816958,3.9895956465629343
5,8684.0,-67.48732589336237,-0.23606515376273612,865.4560210291086,2.760099672206299
2,12779.0,-13.093293399443986,-0.04785203314877453,1200.9271798840196,4.067706669748435
2,8686.0,-51.27297766394176,-0.18716514665226092,570.7573656845753,2.0161610375029517
1,8690.0,-57.212389380530965,-0.20626395831117728,95.33038348082596,0.33191030469017463
5,8691.0,45.34764806219022,0.16157456527368735,559.2856028010818,1.8936800061348713
2,499.0,-47.945833691591915,-0.17198280948418324,0.0,0.0
1,8693.0,-61.68731563421828,-0.22239710730617884,996.3126843657816,3.468846285518658
1,8695.0,-25.6873156342183,-0.09260874189088593,-198.0,-0.6893735022252653
5,10744.0,10.565220277167205,0.029072554334303963,-2.2204460492503126e-17,-7.776914387157499e-20
5,8696.0,18.06720658276105,0.05135302576871189,514.3554256723135,1.7778537682863913
1,8697.0,-107.94985250737464,-0.3891843028820589,959.3126843657816,3.3400239643957548
1,8701.0,-27.06521739130435,-0.08712386284114766,0.0,0.0
2,8702.0,20.726699762572856,0.0743495178182656,-4.440892098500626e-16,-1.5553828774315e-18
1,8704.0,-53.1304347826087,-0.17102869139258225,0.0,0.0
5,10753.0,-47.29059941089536,-0.16556929167680934,1029.3293142044595,3.477460271530286
3,10754.0,-29.13022811850415,-0.09776724278136667,141.75015916262552,0.46599347308640865
4,8707.0,-28.171585972719512,-0.10480624267368521,190.43173831870865,0.6715520982374609
3,10755.0,-45.29402557718729,-0.14890176924939638,-1.4802973661668753e-16,-6.654869735610577e-19
6,8709.0,56.998353600984636,0.19707636701455641,143.7959219913096,0.4511733029321212
3,10756.0,6.129881308498892,0.016216936300325058,-9.0,-0.031776044056906844
3,8711.0,104.27732599856493,0.34902027554069553,10.123530001184207,0.03378332077728613
1,8712.0,-75.94985250737462,-0.27381686695735397,237.2650070748495,0.8260818630438957
2,8713.0,-39.37626651276132,-0.13731362033482902,518.4265012896699,1.75346490028585
1,10761.0,-20.94985250737463,-0.07552908646176751,0.0,0.0
1,522.0,-82.21238938053095,-0.2963947676273529,555.3215339233038,1.9334542964738104
5,8716.0,-2.4172019564097806,-0.007261527367179663,-1.7763568394002506e-16,-6.221531509725999e-19
1,12813.0,-31.967685076380743,-0.10902077864828587,0.0,0.0
4,527.0,-80.25562671592269,-0.276807363137724,-5.0,-0.01751205436804738
4,8720.0,-77.71098536379428,-0.2685553016757824,1291.0956999274772,4.295174784773453
1,14352.0,-64.54146341463415,-0.23457833461379354,-4.440892098500626e-16,-1.5553828774315e-18
4,8726.0,-45.52670920349062,-0.1578992309376386,785.348466498664,2.729257684212429
4,8728.0,-13.69134727058573,-0.05725913849112575,470.1240223290783,1.6190428255542795
1,8730.0,-105.05528455284555,-0.3818273151704983,3047.7497557288507,10.674471884505351
3,8731.0,-13.99849047525755,-0.05638236164061847,498.24010967489227,1.596617924857764
3,8733.0,101.88955774527695,0.3679996764820779,0.0,0.0
4,8734.0,-38.16560050423109,-0.13586286909683132,871.1880141344843,2.9860797639312437
2,8735.0,99.40904292415426,0.3357043533630197,0.0,0.0
3,10785.0,-32.68130186139375,-0.10784381806674748,7.401486830834377e-17,2.209399053980411e-19
4,10786.0,-34.341315585038735,-0.12062150780653973,1000.1554123518356,3.424255259315961
1,10787.0,-23.05528455284553,-0.08379528396666862,-4.440892098500626e-16,-1.5553828774315e-18
4,8740.0,-58.11356664627782,-0.20559806759883859,290.19737092197244,0.9752893271385289
2,8741.0,-86.98878120136297,-0.3078372576139551,706.9219798365127,2.411912990744815
1,10788.0,5.312684365781727,0.019153461661172023,0.0,0.0
1,551.0,112.40325203252031,0.40853377459961,-8.881784197001252e-16,-3.110765754863e-18
2,8744.0,-67.81450207473226,-0.22148803840615636,-8.000000000000002,-0.026379417234965907
3,12841.0,-35.3291019874764,-0.11203728188165146,48.56434261312311,0.17354118994952383
1,8748.0,-141.61280846063457,-0.4829482838078827,1942.5205640423032,6.405320055796651
1,8749.0,-2.9498525073746222,-0.010634903754120992,0.0,0.0
1,10802.0,-73.212389380531,-0.2639476762735297,-7.0,-0.0243717904827114
4,8755.0,-77.31222633767477,-0.27070216285781795,1209.0572867948113,3.894926987872273
1,10805.0,-72.94985250737462,-0.26300116983941296,545.3215339233038,1.89863745292708
4,10806.0,21.117411280124493,0.0697732833047872,96.23368853408783,0.3414852265699296
4,8758.0,26.6675654301337,0.09468965473619481,57.5654695725575,0.2021674750021684
5,10808.0,-82.1490043503365,-0.28582165070475213,1640.9143585718211,5.355704353359288
4,10809.0,-44.569471939737554,-0.1556924730926646,0.0,-1.1487172252162675e-19
4,8760.0,8.126878003576712,0.029247158347977774,79.05442530364584,0.27466504986056106
2,8762.0,-25.270071822495836,-0.08684370866555624,0.0,0.0
4,8759.0,-39.01591246213184,-0.13441280045715587,887.5801318845583,2.9011254144514576
6,8765.0,-65.99515831697299,-0.2220948264964903,903.6510056033776,3.0262735784224053
2,574.0,-45.01740131797569,-0.16376285354883197,0.0,2.1754690140643147e-20
2,8764.0,-15.167357395825483,-0.04978075327600328,0.0,0.0
6,8768.0,-33.543082368811326,-0.10770595893718656,-10.833333333333336,-0.03460677060808324
6,8769.0,-38.29473964127535,-0.13189652684776026,93.84795721267078,0.3072445077179449
2,576.0,-21.592059092473527,-0.0780704094744446,0.0,0.0
2,8763.0,-35.75457424550744,-0.12917026615074634,376.2329624381586,1.2719209319714275
5,8772.0,-44.31033368101915,-0.1544000467963306,768.9568091128922,2.5964242315898054
5,8773.0,-10.454996497373804,-0.028323278374107495,36.07967440115965,0.12593658141154518
3,8774.0,-34.35990444131585,-0.11728750583025556,586.5449611226362,1.8856389930080086
1,8775.0,-27.474926253687318,-0.09905349356588324,0.0,0.0
1,8770.0,-10.130434782608688,-0.032610216934919514,142.60869565217394,0.44656228727025205
2,8777.0,-13.665329768270945,-0.04226740179186768,-34.0,-0.10485522291726757
1,8778.0,5.730502599653388,0.021014331564396742,151.93934142114384,0.5364479118861863
3,587.0,22.91454286041571,0.07797078900172062,203.46207146533376,0.738187935551725
4,8780.0,-76.94422397404168,-0.26737649292386706,726.986423001345,2.539003546649659
1,590.0,141.4308943089431,0.5140358134862005,0.0,0.0
2,592.0,-29.272977663941752,-0.10670546565280425,959.28989195595,3.3610213128340476
1,8785.0,-105.07798960138645,-0.3853315961740125,502.60412052011594,1.7745300752033468
1,8786.0,-52.474926253687315,-0.18918430288205887,210.66076696165192,0.7334542964738102
5,8787.0,16.06704408069937,0.05155474909261519,196.49370170427096,0.6833168828960801
4,10836.0,-47.168525702559904,-0.16561539925083993,1.3877787807814457e-16,4.74835750562947e-19
5,8789.0,51.324167407726556,0.1965473373011557,-4.0,-0.013189708617482952
1,597.0,-52.47492625368732,-0.1891843028820589,0.0,0.0
1,8791.0,19.262536873156346,0.0694459215144103,0.0,0.0
4,10839.0,32.43256646120848,0.11094151368636523,-3.75,-0.011194029850746268
1,10840.0,-62.68731563421828,-0.22600233967882585,-8.881784197001252e-16,-3.092356908028166e-18
3,8794.0,3.755669896004837,0.018141503935378157,0.0,0.0
3,8795.0,-24.896387060614956,-0.08518633163920575,678.0151105385227,2.405166801857952
3,8796.0,-55.93323606895982,-0.20301838362819402,708.188288440531,2.4780041142075007
4,8797.0,-47.63415250837262,-0.16797213480527168,1417.1119151478617,4.890123261393831
1,10842.0,0.0,0.0,1171.3126843657815,4.078141047586444
5,10847.0,-31.18917761811601,-0.11352955814429841,1110.850359009377,3.775101148280357
4,10844.0,21.402041270429613,0.06993005237346937,-2.7755575615628914e-16,-9.26598769440258e-19
4,8806.0,-61.37842921457622,-0.2050278505873221,473.29745472725506,1.4409539310057125
1,10855.0,-97.94985250737464,-0.35313197915558864,0.0,0.0
3,8808.0,12.66638500689696,0.04594718026509569,1276.3468044802378,4.452934751807887
5,10856.0,-57.05789126777114,-0.19427604783971875,-1.7763568394002506e-16,-6.776381058263579e-19
5,8810.0,73.41120793125931,0.251625219094756,36.816771097187036,0.13002711647879436
1,8811.0,-27.737463126843657,-0.1,324.42755130003064,1.1295543295862076
1,8264.0,-22.06521739130435,-0.07102869139258222,0.0,0.0
5,8813.0,53.61175514430088,0.17709501247787426,37.675,0.11246268656716416
1,8816.0,-56.212389380530965,-0.20265872593853024,-10.0,-0.03481684354673057
5,8817.0,29.269333398217945,0.1028646736796747,-1.7763568394002506e-16,-6.776381058263579e-19
2,10866.0,-25.29602954623676,-0.08899869713050938,109.93934142114384,0.39294121664119763
2,8819.0,9.160926730862505,0.03684629186339597,111.32151199715815,0.3496647403001639
1,8265.0,-23.513821138211387,-0.08546185213639856,2370.1257378327205,8.301154156007003
4,8822.0,-28.88445595118897,-0.10596675458081506,2.220446049250313e-16,6.628197161941232e-19
5,8825.0,-34.88035566206462,-0.12024022540001447,34.09667027318558,0.10509220239589956
1,10875.0,-49.21238938053098,-0.17742209933000108,0.0,0.0
1,12926.0,-86.61280846063455,-0.2953794056945919,3648.4763459111277,12.030584975086676
2,8831.0,-65.38808863871029,-0.23028883537482484,-7.030329289428071,-0.017707829263837516
3,10880.0,-33.09944820430754,-0.11020130655976701,458.6835708351675,1.5071264642255031
4,8834.0,-31.01494963668785,-0.1123717070286869,707.7535102066212,2.3423074775062407
1,10883.0,-38.47492625368732,-0.13871104966500056,-7.0,-0.0243717904827114
1,10884.0,-8.737463126843659,-0.03150058491970648,-36.0,-0.12534063676823007
5,10885.0,-37.3668413461172,-0.1280027711561083,1216.2326763084868,4.228742785048622
5,8837.0,-0.014962880906372789,0.004497041850861761,1186.9732863057409,4.004252771785333
5,10887.0,-63.66979247428369,-0.21883418121324022,430.47249158726163,1.3931575816454358
3,10888.0,-4.431794609575944,-0.017534094420977447,-4.0,-0.014009643494437908
2,8839.0,2.5290844414998617,0.005530531225536008,159.32792527040314,0.5547295446764806
1,10889.0,-21.737463126843647,-0.0783686057641178,0.0,0.0
2,10891.0,1.5631457731926268,0.008621927265906975,1.1102230246251565e-16,3.314098580970616e-19
1,10892.0,-20.474926253687318,-0.07381686695735402,290.66076696165186,1.011989044847655
4,10893.0,13.985606891790164,0.04315501492101992,-2.220446049250313e-16,-7.7769143871575e-19
5,8846.0,55.33479555689074,0.1876598450669626,-3.3306690738754696e-16,-1.1416119071622442e-18
4,10895.0,-119.83646955223149,-0.40851663528787796,855.0399072380261,2.7562031926571193
5,10896.0,7.1232328782872685,0.02792680239515407,152.62734306981076,0.534708295316359
1,10897.0,-25.737463126843657,-0.09278953525470594,555.1930641983803,1.9330070054424948
2,10898.0,-39.69939109996372,-0.12912695502476482,1.1102230246251565e-16,3.314098580970616e-19
3,10899.0,-23.135837273567887,-0.08265693191427394,-18.666666666666668,-0.06155197354825378
4,8849.0,-75.93024781481803,-0.2551581243897368,1278.867681403815,4.1765305580653465
5,8850.0,17.554412856593697,0.05367756482078616,67.16094787870084,0.21275306111634693
1,8853.0,-48.47492625368732,-0.1747633733914708,130.33038348082596,0.4537692571037316
1,10903.0,-6.212389380530968,-0.022397107306178856,-16.0,-0.05570694967476891
1,10904.0,-20.737463126843654,-0.07476337339147081,0.0,0.0
2,10905.0,-4.4287563823923914,-0.012200938561208262,-2.0,-0.006594854308741475
1,10906.0,-23.737463126843647,-0.08557907050941185,589.3215339233037,2.0518315645326943
1,10907.0,-22.47492625368731,-0.08102733170264807,0.0,0.0
2,10901.0,-26.648569838384695,-0.09729921399444479,-1.1102230246251565e-16,-3.88845719357875e-19
1,10909.0,-54.47492625368732,-0.19639476762735295,0.0,0.0
2,10910.0,-32.56812266338555,-0.1036731717438743,1.1102230246251565e-16,3.314098580970616e-19
2,10902.0,-74.17514021129513,-0.24378379521879984,114.5,0.32963364297764
1,8855.0,-52.66131907308378,-0.16288352860096486,-36.0,-0.10746268656716418
1,10913.0,-89.42477876106197,-0.32239710730617893,967.312684365782,3.3678774392331405
1,10914.0,-46.212389380530965,-0.16660640221205994,0.0,0.0
2,10915.0,-38.27152445853643,-0.13635647889550626,112.83038348082596,0.3928397808969531
1,10916.0,-55.47492625368732,-0.2,0.0,0.0
4,10917.0,16.991945490897425,0.05726105258483449,196.96781470542183,0.6939061222909871
3,10918.0,-24.023068535742027,-0.08745939855019859,-28.33333333333334,-0.09923497475226854
2,10919.0,-11.0358371105835,-0.039898067014952604,916.0186991869921,3.2087609256571343
2,10310.0,-8.310491379545097,-0.02950719693557656,250.24844720496895,0.7443552936802934
1,8883.0,-46.47492625368732,-0.16755290864617675,65.33038348082594,0.22745977404998285
4,8884.0,-60.50868671914555,-0.20246456810587019,633.9775369834243,2.025298412743541
1,8885.0,19.3126843657817,0.0696267148782303,-46.0,-0.16015748031496066
5,694.0,54.297956629093186,0.17765292450788225,505.1841905154637,1.695489129023732
2,8887.0,0.4825986820243031,-9.599209649129026e-05,245.34835355285963,0.8693551423003506
5,8888.0,-50.87556633293019,-0.17194876357622768,427.05276410312797,1.3443917834339414
4,8890.0,-62.39462600601425,-0.21210814987210708,-2.220446049250313e-16,-7.321759097613206e-19
3,10315.0,-54.39015585469954,-0.18320416305055054,657.7113435811208,2.1421333674599197
4,8893.0,35.17040796352174,0.11795711042876304,0.0,0.0
2,702.0,-70.73345243165649,-0.2327321873974118,511.66076696165186,1.667221049834702
4,10945.0,-51.790549455212165,-0.169194849662926,432.1359193438462,1.4288222294154453
5,8898.0,-77.25627611501946,-0.271165451104113,935.3326231166315,3.057817849333604
3,8899.0,-15.794195503699157,-0.055470648766271356,297.78028633683925,0.9907622843825726
4,10947.0,58.519933439278965,0.20200042628915077,-1.942890293094024e-16,-6.948389741914846e-19
5,8901.0,-1.4804993858138573,-0.005062707033739633,672.4670232226114,2.3195097363840063
4,10949.0,49.48831901427622,0.1708136083517645,49.32718494676901,0.17415808911908043
1,10948.0,-27.51382113821138,-0.1,-29.000000000000004,-0.10156991533467484
2,10952.0,-15.665329768270938,-0.04845348035837352,459.6552845528455,1.3887404212469676
4,10953.0,-82.88670044460193,-0.2844449903089114,891.3245697338921,2.9733094276282723
4,10954.0,12.551424409846165,0.05168586897345288,265.0862312201664,0.8035420916671587
3,10955.0,-82.1050828440515,-0.27560694640831895,761.4176165465442,2.5883568325311157
2,10320.0,-58.41585509157089,-0.20006349082504266,601.9180055983874,2.0338992084835894
1,10965.0,0.0,0.0,-20.0,-0.06963368709346114
3,8918.0,-80.16033650294692,-0.29152449779773554,1224.1259882969218,4.3124060297810445
4,8919.0,-8.03814958352865,-0.0246599114919564,-3.0,-0.010592014685635613
1,10967.0,-64.21238938053096,-0.23150058491970646,246.66076696165192,0.8587949332420404
1,10969.0,-47.47492625368732,-0.17115814101882376,0.0,0.0
3,8922.0,-24.532923755596045,-0.08942399482498893,157.7738446411013,0.5491114612741758
4,8923.0,-43.92309663668125,-0.1446327109057297,1466.050661637482,4.779181313656263
4,8924.0,-82.99071013258731,-0.2839652851889775,1143.8178970732993,3.8145972300333217
4,8925.0,-52.44345033633249,-0.18071676640790885,1855.7654867877386,6.177747751442091
5,10974.0,35.64958825341732,0.12016389349301185,-8.0,-0.025743007503203068
1,8920.0,205.9170731707317,0.7484132143490337,-8.881784197001252e-16,-3.110765754863e-18
1,8932.0,27.730502599653388,0.10169055260732787,0.0,0.0
1,8933.0,-24.737463126843657,-0.08918430288205892,0.0,0.0
2,8934.0,-39.00440303740844,-0.12676953786841824,5.551115123125783e-16,1.899343002251788e-18
4,8935.0,-29.003538706733686,-0.09475212262858826,-2.220446049250313e-16,-7.2129856469099905e-19
3,10984.0,-21.686700424337072,-0.07164273095044547,539.42324163399,1.6569121626022285
5,8937.0,-25.015175053543185,-0.08767409255381828,60.29462257288344,0.1975911031706897
5,8936.0,-66.56962114086201,-0.23387218856234276,1329.6673536483388,4.507345650853006
3,10987.0,-35.378748442257034,-0.11804549486249616,762.0459224069674,2.257126704367788
3,10324.0,-60.59328360917156,-0.20697277613595377,376.7384723326752,1.2256250478564317
1,8941.0,-21.53899480069324,-0.07898566843560327,0.0,0.0
1,12359.0,-56.54146341463415,-0.20550203888659066,-4.440892098500626e-16,-1.5553828774315e-18
6,8944.0,-68.42965388215792,-0.24282063244908336,1114.5218206389861,3.7139637767606413
1,8945.0,0.0,0.0,-51.00000000000001,-0.15970047651463584
1,10994.0,-20.737463126843654,-0.07476337339147081,0.0,0.0
3,8948.0,-45.27496062312044,-0.16458482639046682,672.3750943910612,2.3624216918224215
5,8949.0,-73.88407323181066,-0.26193589211257545,1032.7209915017456,3.5810585338285676
1,10327.0,-27.322561692126907,-0.09317931352315308,0.0,0.0
5,8954.0,-58.461912641965114,-0.20454328999491428,1486.586692813287,5.077829682873652
1,8955.0,-12.808492201039849,-0.046970034001715934,4.440892098500626e-16,1.5679331441547262e-18
4,8957.0,-67.81290557937893,-0.2331870328100174,656.6460264863924,2.1741989420210306
3,8961.0,-28.125125877010507,-0.10107923995425026,444.7464658308132,1.5134610137447098
1,8962.0,0.0,0.0,447.53797884420015,1.5801096147658158
1,8963.0,-16.06521739130435,-0.05171448565430372,324.21739130434787,1.0152484683458136
1,8964.0,-35.47492625368731,-0.12789535254705944,0.0,0.0
3,11012.0,-66.92885727898049,-0.22286535132801574,1.4802973661668753e-16,3.6529866244833096e-19
1,11014.0,-36.808492201039854,-0.13498045695764085,138.59395091407168,0.4893297211407028
2,11015.0,-55.540229107663706,-0.2024579435279268,1976.3712095616975,6.942918007654888
3,11016.0,-45.558755770645234,-0.15931169385089483,251.04357320169058,0.8412236287129827
2,11017.0,-23.41819141516915,-0.082275702625452,-5.5511151231257815e-17,-1.944228596789375e-19
1,11019.0,-93.32263814616756,-0.2886505858028946,433.32231404958674,1.2934994449241397
2,11020.0,-49.5655269465834,-0.17838253083812888,474.80840055638487,1.6442141077623762
3,11021.0,-22.857948652393983,-0.0813728834712055,93.6400313356835,0.3052864588353509
1,11023.0,9.40325203252031,0.03417646711187277,147.6930278393693,0.5172816666609141
4,11024.0,-69.5302071173842,-0.2371824866486263,944.6866545273638,3.124304424247944
4,11025.0,-42.474625387452775,-0.14155346789273396,771.5141584069052,2.4719888666974774
1,8978.0,10.461005199306754,0.038361562172296526,0.0,0.0
2,8979.0,-39.106194690265475,-0.1409869190683824,267.0086409271173,0.9283171530839124
2,11027.0,-55.034984105506076,-0.19694162101790788,473.84835355285963,1.5887081800725606
1,11029.0,9.730502599653382,0.035682735390384204,0.0,0.0
5,790.0,-43.191763776594065,-0.14559963515202282,354.3747943783164,1.2110050263784653
2,11031.0,-27.369654337235115,-0.08324264727154604,426.6476368223717,1.3069003063326916
3,11032.0,85.76133734922917,0.3110690420570163,446.4283873591421,1.5648140679990163
1,14403.0,-36.541463414634144,-0.13281129956858345,-4.440892098500626e-16,-1.5553828774315e-18
1,11028.0,0.0,0.0,303.6211382113821,1.0634059759292305
4,11036.0,17.939053870427838,0.05897632205089599,790.9242783510176,2.663766926236973
1,11038.0,-22.05528455284553,-0.0801607470007683,-8.881784197001252e-16,-3.110765754863e-18
4,8992.0,-4.119768231713014,-0.00837147747231444,-2.220446049250313e-16,-7.321759097613206e-19
1,13088.0,306.3479674796748,1.1134330122333196,0.0,0.0
5,8995.0,-83.376884368428,-0.2853890927899177,1137.4237745036876,3.7489495582570207
4,8996.0,-12.794725865243581,-0.04731120949757255,155.68854577555632,0.5226237251737167
1,11043.0,-22.07798960138647,-0.08096221678477228,0.0,0.0
4,8999.0,-26.086145147730612,-0.09067295673004094,356.554085633631,1.2367396231104957
2,11047.0,-50.28623607332049,-0.16800425428098475,471.2827663550616,1.5121653524804612
2,9001.0,-29.802106095998795,-0.10299978756571637,204.0538741175973,0.7254383313060776
2,9002.0,-59.64170922736359,-0.21708889426730288,1712.4484635119911,5.992189710673999
1,12373.0,-125.93537015276148,-0.4294828380788267,0.0,0.0
1,9005.0,-51.538994800693246,-0.18899869713050935,0.0,0.0
4,11054.0,-9.365929819528509,-0.02643558714667795,707.9847619393076,2.3344765562252037
3,9007.0,-32.11718037270424,-0.11067855938798665,31.982836382437537,0.111354141050801
1,14409.0,33.917073170731676,0.12327285621417165,473.40733890751227,1.6580670114361975
2,9010.0,-20.2409433904388,-0.07304350965923102,45.96967071057193,0.16365095728488782
5,9012.0,0.38866887147511947,0.000774003064038508,25.18535771925632,0.08249926342869572
1,14410.0,-93.0829268292683,-0.3383133384551741,744.8278862868309,2.60869328789856
5,9014.0,-0.32270718289857286,-0.002983565335643254,-4.799999999999999,-0.01498307453097066
3,9015.0,-30.825236979376616,-0.10254834794292617,5.921189464667501e-16,1.9290483843619816e-18
2,11062.0,-33.358301812964655,-0.11185746908109201,-1.1102230246251565e-16,-4.462815806186884e-19
2,13113.0,-32.67510198427484,-0.11547189882394658,1138.9787461905173,3.9585346691553753
4,9018.0,-34.05362413164441,-0.11956091983854744,107.70493191401121,0.35368781015531053
1,9019.0,-52.645123384253814,-0.17953794056945918,295.9200940070505,0.9757749535027896
1,9013.0,-40.05528455284553,-0.1455824123869748,971.8313480809227,3.4037526808331804
1,13117.0,-98.29024676850763,-0.3352034784699541,1353.6404230317276,4.463530688158711
1,13115.0,-13.56910569105691,-0.049317416228355296,-8.881784197001252e-16,-3.110765754863e-18
1,9017.0,-43.1304347826087,-0.13883834849545135,-16.0,-0.050102110279101435
1,9024.0,-70.93537015276145,-0.24191395996553594,113.91874695480207,0.3756387696006532
5,9025.0,-10.397039496321081,-0.05151884229599748,-8.881784197001253e-17,-2.69644045633466e-19
4,9028.0,-30.263622785232087,-0.10049454997787124,-0.7500000000000002,-0.002473070365778054
2,9031.0,159.73394093987946,0.5669879477394055,-4.440892098500626e-16,-1.5553828774315e-18
5,9033.0,-75.66741616883122,-0.2590427736898605,1361.8662016785543,4.384671152699715
1,13130.0,-88.05528455284555,-0.3200401867501921,0.0,0.0
2,13131.0,-49.64917230646131,-0.16450869995172412,659.9400705052878,2.0341400849904234
1,13133.0,-90.99197860962568,-0.2814417643004825,-7.999999999999999,-0.02388059701492537
5,9038.0,-60.8543723468762,-0.20565312255589902,1123.7754998776813,3.845590185781674
1,9039.0,-54.07798960138648,-0.19830944739267212,775.2151199715814,2.7370299784219214
1,13136.0,-109.32263814616756,-0.33813921433494143,1547.9999999999998,4.620895522388058
1,13137.0,-108.32263814616756,-0.3350461750516885,283.0,0.844776119402985
1,13135.0,-21.5691056910569,-0.07839371195555815,0.0,0.0
1,14416.0,-59.055284552845535,-0.21463861473908166,-16.000000000000004,-0.05603857397775164
1,9042.0,16.934782608695656,0.05451364590622814,-27.0,-0.08454731109598368
1,9043.0,-31.06521739130435,-0.1,337.21739130434787,1.0559564329475837
1,13145.0,-62.66131907308378,-0.19381392143349416,350.0,1.044776119402985
1,1800.0,202.06462984723854,0.6891097441240708,0.0,0.0
1,14420.0,-75.05528455284552,-0.2727912061934873,647.5528455284554,2.2679961274156195
2,13164.0,-1.4878914603978561,-0.0083534523213867,60.48002350176263,0.20348905464925832
2,13174.0,-38.49194038260534,-0.12370916609235011,1399.400117508813,4.302692124853105
1,13184.0,-13.513821138211384,-0.04911648247739495,216.6211382113821,0.758696229925206
1,15648.0,-50.54146341463415,-0.18369481709118848,-4.440892098500626e-16,-1.5553828774315e-18
1,11149.0,-37.661319073083774,-0.11648793935217093,-40.0,-0.11940298507462685
1,15649.0,-24.541463414634137,-0.08919685597777906,-61.00000000000001,-0.21364706329017807
1,7918.0,30.869565217391305,0.09937018894331699,0.0,0.0
1,13217.0,-53.645123384253814,-0.18294828380788267,886.9666205163406,2.9247078195110268
1,15653.0,-27.513821138211387,-0.1,-1.1102230246251563e-16,-3.88845719357875e-19
1,13230.0,-29.322561692126907,-0.1,110.96004700352523,0.3658826720396776
1,13235.0,78.0646298472385,0.2662271825595607,294.3371840916238,0.9705554233647388
4,11195.0,-16.510886774638067,-0.04983464542989873,903.0745693541498,3.056815883975373
2,13250.0,-52.69297204469372,-0.18438555917878569,637.9317073170731,2.144282441394153
3,13252.0,-35.872077885951,-0.11838283883866718,916.402282364153,3.0694238380261907
1,3012.0,0.0,0.0,-1.1102230246251563e-16,-3.88845719357875e-19
1,13254.0,-24.027642276422768,-0.08732935405708883,760.7496147510493,2.6644577227982955
1,13262.0,-44.96768507638073,-0.15335524074779092,-83.0,-0.27368645381277124
1,13263.0,-51.96768507638074,-0.1772276434167552,0.0,0.0
2,13264.0,-56.979831843003204,-0.179567422946308,0.0,0.0
3,13266.0,-30.212367331293155,-0.09732391985826923,350.5867606737172,1.140868912559888
1,13268.0,-28.541463414634148,-0.10373500384138053,-10.000000000000002,-0.035024108736094774
1,1824.0,63.458536585365856,0.2306423970214527,-4.440892098500626e-16,-1.5553828774315e-18
1,6304.0,-23.06521739130435,-0.0742477256822953,-65.0,-0.2035398230088496
6,9204.0,29.998302860196222,0.0983743114593425,548.1842121821114,1.8518159001219017
5,9205.0,-3.7029514576641285,-0.01709145261649622,64.99517145604102,0.21431684326213155
2,9208.0,-53.37692639758256,-0.19344051285413935,-2.220446049250313e-16,-7.7769143871575e-19
1,9211.0,-38.47492625368732,-0.13871104966500056,0.0,0.0
1,9212.0,-26.269497400346623,-0.09633289904350313,285.87868284228773,1.009343735658559
2,9213.0,11.893805309734509,0.04287993193661596,0.0,0.0
4,9214.0,-60.690523678137325,-0.2059379824564756,1066.9449151543504,3.514163479483064
2,9217.0,-1.6168956098623717,-0.012549861032354087,33.0,0.09460305609275384
5,9218.0,12.20396264361035,0.03363753026826572,275.0085883328264,0.9469644451510912
1,9236.0,-28.322561692126907,-0.09658965676157652,0.0,0.0
1,9237.0,-47.80849220103986,-0.17531856747910646,649.6967071057193,2.2938656876242924
1,9238.0,-78.21238938053095,-0.2819738381367648,734.4561201299757,2.5571443826504123
2,9241.0,-13.165329768270945,-0.040720882150241215,1098.4200940070505,3.373952338046284
4,9244.0,-59.6315751907806,-0.2025735871898075,641.7166405751095,2.0023307001687196
4,9245.0,-45.40659496612456,-0.16191496635717162,74.25000000000001,0.21736886280154766
1,14050.0,91.67743830787308,0.31265153184923955,0.0,0.0
1,9255.0,-9.645123384253823,-0.032893181317250095,0.0,0.0
4,9257.0,-7.629442743671122,-0.022832230958092573,392.0309438501801,1.3408439680280173
2,11307.0,-24.918191415169147,-0.0873912174830872,1167.5210151004121,3.8462940140109416
1,9260.0,-42.21238938053098,-0.1521854727214719,456.9911504424779,1.5910989387196166
5,9261.0,-37.41962850387741,-0.12312726542391014,153.9711242423463,0.5013535775181068
1,11308.0,-50.645123384253814,-0.17271725409261227,1085.6926922541859,3.579992564740826
4,11311.0,8.29590609180124,0.03077533341987905,1218.9552623274622,4.0686020960425076
2,11312.0,12.737289683057277,0.02165166207369551,-2.220446049250313e-16,-7.7769143871575e-19
2,9263.0,-15.320225368528664,-0.05426806915647103,1306.326725124489,4.307517215905689
2,9266.0,-26.174317353651038,-0.08420736948257566,1.1102230246251565e-16,3.314098580970616e-19
3,11315.0,-17.49925945248758,-0.050969655137040215,366.3399765467634,1.1048784543033334
4,9268.0,-76.04976660594974,-0.26284541517056587,915.1464452641809,2.9884650170942035
3,9269.0,-51.91637674714877,-0.1780714334816956,979.4138759767848,3.0456827217567297
1,9270.0,-40.47492625368732,-0.14592151441029458,0.0,0.0
1,9271.0,-63.949852507374636,-0.2305540784855897,1646.6342182890858,5.7330605956864105
2,9276.0,-37.34448067475327,-0.12065965783915533,270.1552845528455,0.8269488013065012
1,9278.0,-25.94985250737464,-0.09355524832500267,0.0,0.0
1,9279.0,-19.737463126843654,-0.07115814101882377,0.0,0.0
4,9281.0,-67.99826869975263,-0.24173709355246942,1651.0455914672573,5.698631827233307
1,9283.0,-67.21238938053096,-0.2423162820376475,119.33038348082596,0.415470729202328
4,9284.0,-20.239479882569253,-0.07402345979552075,-1.5000000000000002,-0.004946140731556107
5,9289.0,1.7647012822664263,0.004672693177756029,-14.8,-0.051639338774934054
4,9290.0,-25.950044985991266,-0.09032074510782981,3.3306690738754696e-16,1.0579405689136112e-18
1,9291.0,-62.61280846063457,-0.21353116797242874,1965.6326279814496,6.481530403023147
3,13388.0,-9.50844805994828,-0.038098833436125655,-7.401486830834377e-17,-2.9752105374579226e-19
3,9295.0,-19.928034407666846,-0.054956229814124576,-7.401486830834377e-17,-2.5923047957191667e-19
5,9298.0,-18.903027570921218,-0.06622406408678086,1.7763568394002506e-16,5.716883028081326e-19
2,9302.0,27.897816004921673,0.09622241387688563,0.0,0.0
3,9308.0,15.269261323545983,0.05724414449336898,3.7007434154171876e-17,1.1046995269902057e-19
2,9311.0,-58.776457927536896,-0.2138849961061734,2606.9239892289816,9.126765952902705
1,14067.0,-69.96768507638075,-0.2386138217083777,274.9200940070505,0.9065289832610044
1,15483.0,-69.05528455284554,-0.2509839843980853,3207.647572353587,11.23449973611824
1,15484.0,-26.513821138211387,-0.09636546303409964,2748.1018659427746,9.624981857064466
1,15485.0,-81.54146341463417,-0.2963654630340997,1501.1056910569105,5.257488894794791
1,15486.0,0.0,0.0,114.31056910569104,0.4003625802042598
1,15487.0,-22.513821138211387,-0.08182731517049821,75.31056910569106,0.26376855613349026
1,15488.0,-47.027642276422775,-0.17092370427279713,57.72053263742514,0.20216102113984846
1,15489.0,-22.513821138211387,-0.08182731517049821,-94.0,-0.3292266221192908
1,15490.0,-24.569105691056922,-0.08929732285325931,206.6211382113821,0.7236721211891111
1,15491.0,-25.513821138211387,-0.09273092606819927,-1.1102230246251563e-16,-3.88845719357875e-19
1,15492.0,-21.082926829268292,-0.07662667691034811,-8.881784197001252e-16,-3.110765754863e-18
1,15493.0,-88.05528455284549,-0.320040186750192,1077.7445603394942,3.7747042671065087
1,15494.0,-44.027642276422775,-0.16002009337509607,-2.220446049250313e-16,-7.7769143871575e-19
3,11400.0,5.017702268535018,0.010968262668934655,0.0,-3.8290574173875584e-20
3,11401.0,-7.2326464410528155,-0.02274554170073124,-3.7007434154171876e-17,-1.2961523978595834e-19
2,11402.0,-74.44349736799364,-0.26560284529792755,1317.84727389107,4.428234148871737
2,11403.0,-61.1532212286688,-0.19845348035837354,823.9600470035251,2.493616175939891
3,11404.0,-56.69118843568855,-0.19772643784105104,1109.6608069504655,3.778743545169144
2,14071.0,-62.99766367640174,-0.22101208247340054,279.980012003967,0.9528975033032887
1,15498.0,-26.51382113821138,-0.09636546303409964,87.31056910569107,0.30579748661680395
1,15500.0,-26.51382113821138,-0.09636546303409964,-34.0,-0.1190819697027222
1,15496.0,-1.055284552845535,-0.0038354707168607297,-4.440892098500626e-16,-1.5553828774315e-18
1,15497.0,-53.11056910569106,-0.1930323266946398,-8.881784197001252e-16,-3.110765754863e-18
1,15499.0,-98.56910569105692,-0.358253058329886,152.69302783936934,0.5347937210289616
1,15501.0,-43.027642276422775,-0.1563855564091957,-4.000000000000001,-0.01400964349443791
1,15502.0,-75.54146341463414,-0.27455824123869743,49.76557725736618,0.1742994989176518
2,14073.0,-47.252237921909185,-0.17410128439038447,273.19486894012016,0.9251263319050627
1,15504.0,-69.54146341463415,-0.25275101944329537,429.93170731707323,1.505797486616804
1,15506.0,-67.54146341463415,-0.24548194551149466,-4.440892098500626e-16,-1.5553828774315e-18
1,15507.0,-126.59674796747969,-0.4601205602505762,-8.881784197001252e-16,-3.110765754863e-18
1,15508.0,26.91707317073171,0.09783109745286923,-4.000000000000001,-0.01400964349443791
2,14074.0,-85.17276566067659,-0.2977608588367011,868.4584280875667,2.931650648578827
1,15511.0,-27.51382113821138,-0.1,-1.1102230246251563e-16,-3.88845719357875e-19
1,15512.0,-27.027642276422768,-0.0982329649547899,-21.0,-0.07355062834579901
1,15515.0,-53.027642276422775,-0.1927309260681993,-2.220446049250313e-16,-7.7769143871575e-19
2,11422.0,-41.49194038260534,-0.13282963196452363,40.0,0.11159417188700022
1,15516.0,-46.027642276422775,-0.16728916730689675,-2.220446049250313e-16,-7.7769143871575e-19
1,15517.0,-110.05528455284552,-0.4,54.793330976788006,0.1919087582143853
1,15518.0,0.0,0.0,72.31056910569104,0.2532613235126618
1,15519.0,-62.055284552845535,-0.2255422256367827,0.0,0.0
1,15520.0,8.889430894308923,0.03230896519118248,-8.881784197001252e-16,-3.110765754863e-18
2,13476.0,-90.47987007002352,-0.2875754374949951,0.0,0.0
1,13477.0,-19.661319073083774,-0.06081323225361819,-9.0,-0.026865671641791045
2,14076.0,-52.336382830338295,-0.1838687773809253,-2.5000000000000004,-0.008756027184023693
1,15521.0,-26.513821138211387,-0.09636546303409964,-22.0,-0.07705303921940848
1,15522.0,0.0,0.0,-1.1102230246251563e-16,-3.88845719357875e-19
1,13481.0,43.03231492361928,0.1467549642334743,-4.000000000000001,-0.013189708617482952
1,14077.0,-86.29024676850763,-0.2942793596088725,0.0,0.0
2,13483.0,-79.54146341463417,-0.289096389102299,1307.1739837398375,4.4390969239757405
1,15523.0,-23.51382113821138,-0.08546185213639855,104.04097889463743,0.36439425578155227
2,13485.0,-33.50981044302422,-0.1077158768088019,315.5,0.9304096473477557
1,13486.0,-44.322638146167535,-0.137091660923501,4.440892098500626e-16,1.3256394323882464e-18
1,13478.0,-8.027642276422771,-0.029176762602683082,-4.440892098500626e-16,-1.5553828774315e-18
2,13488.0,-6.802393535130106,-0.025420897093266104,-4.440892098500626e-16,-1.4643518195226412e-18
1,15528.0,-29.027642276422764,-0.1055020388865906,-122.0,-0.42729412658035615
2,13490.0,17.87497717490544,0.05160670283126632,0.0,-2.297434450432535e-19
3,10305.0,-58.59600837532344,-0.19352201123649904,-3.3306690738754696e-16,-1.105849786134386e-18
1,13489.0,-26.027642276422768,-0.09459842798888957,-2.220446049250313e-16,-7.7769143871575e-19
1,13493.0,-60.11056910569106,-0.21847408545594232,-8.881784197001252e-16,-3.110765754863e-18
1,13494.0,0.0,0.0,329.0,0.9820895522388059
3,13496.0,-22.27342119851632,-0.07490997221036373,1796.3599607143697,5.958401729393077
1,13497.0,-6.513821138211384,-0.02367472371609244,-1.1102230246251563e-16,-3.88845719357875e-19
2,13506.0,-62.25289987391852,-0.2,570.2695214105793,1.6898810089156988
2,13509.0,-37.43201255338053,-0.13298525985832022,-34.0,-0.11651967321223795
2,13516.0,-14.467723303401058,-0.05722131404246496,2.220446049250313e-16,6.628197161941232e-19
5,9423.0,-35.02081135274296,-0.12591303510297558,781.3794045772399,2.5288365243060067
3,13520.0,-9.77418723070897,-0.03333333333333333,252.8337597406526,0.8603553892569767
4,9425.0,5.37282856863014,0.013406662025803512,78.02085781433608,0.2564994062171449
3,9426.0,-67.80484960064484,-0.22885374061643823,616.5221801301617,2.0554024900832095
5,9427.0,39.03430535595889,0.12625722907852147,177.77955550144443,0.5418821025644622
5,9428.0,51.86934868902607,0.17886053287282863,82.14949302346088,0.28235477784775415
3,9429.0,9.638349957141092,0.0357724681723157,2.590520390792032e-16,9.156735229838591e-19
3,9430.0,-62.779169976992954,-0.21458899844045035,981.2743757794606,3.26513344395544
1,9431.0,-27.65329768270945,-0.08553273604410754,430.60159362549797,1.2853778914193972
2,13528.0,-31.418229642189473,-0.10327340948049378,144.0,0.4298507462686567
3,13534.0,-66.23349479704667,-0.2242627933397099,1005.2953020050672,3.3110612671442574
1,15585.0,-25.513821138211387,-0.09273092606819927,-8.000000000000002,-0.02801928698887582
2,13541.0,-64.91822964218947,-0.20661947662814317,1094.9658536585366,3.38752445865135
1,15589.0,-55.02764227642276,-0.2,602.2422764227642,2.1092998974904136
1,15592.0,0.0,0.0,-15.0,-0.052536163104142136
1,15593.0,-82.54146341463417,-0.30000000000000004,86.31056910569107,0.3022950757431945
1,15594.0,-75.05528455284549,-0.2727912061934873,281.6789228252643,0.9865553221698102
1,15595.0,-53.02764227642276,-0.19273092606819928,850.8634146341462,2.9800732753711223
2,13549.0,-49.31450207473225,-0.16204568397978336,85.19047619047619,0.25148875617924893
1,15598.0,-18.513821138211387,-0.06728916730689677,-2.220446049250313e-16,-7.7769143871575e-19
2,11511.0,11.216681461441999,0.04064469352844178,-2.220446049250313e-16,-7.7769143871575e-19
1,11512.0,0.0,0.0,436.9317073170731,1.53031436273207
1,10837.0,-31.330659536541887,-0.09690696071674706,1.1102230246251563e-16,3.314098580970617e-19
1,11516.0,0.0,0.0,750.9999999999999,2.241791044776119
1,15616.0,-7.513821138211383,-0.02730926068199279,-32.0,-0.11207714795550323
1,15617.0,-23.513821138211387,-0.08546185213639856,-2.220446049250313e-16,-7.7769143871575e-19
1,15620.0,-54.027642276422775,-0.19636546303409969,-172.00000000000003,-0.6024146702608301
1,13575.0,-83.99197860962565,-0.2597904893177119,329.0,0.9820895522388059
2,13577.0,-36.59329339944398,-0.1286676804341567,-2.220446049250313e-16,-7.7769143871575e-19
3,13579.0,-45.06603661350715,-0.15880131358374813,762.5408765797262,2.548063328920389
1,13580.0,-20.96768507638073,-0.07150700302562768,0.0,0.0
1,13581.0,18.064629847238532,0.061606588254152675,-5.0,-0.016487135771853692
1,13583.0,-32.330659536541894,-0.1,124.99999999999996,0.3731343283582089
1,13584.0,-22.330659536541887,-0.06906960716747071,457.0,1.3641791044776121
1,13585.0,-64.65329768270945,-0.1999751895244659,8.881784197001252e-16,2.651278864776493e-18
1,13586.0,7.677361853832438,0.02374638180565127,105.74033149171274,0.31564278057227685
1,13587.0,-46.66131907308378,-0.1443252929014473,-73.0,-0.21791044776119406
3,13592.0,-41.1021474857792,-0.13333333333333333,297.19777647705433,0.9660660297575286
1,15641.0,-25.51382113821138,-0.09273092606819927,120.43853462631012,0.42182523327678
2,13594.0,-5.525305952824528,-0.02490571627579291,-8.881784197001252e-16,-3.0197346969541414e-18
1,13595.0,0.0,0.0,162.0,0.4835820895522388
3,13598.0,-77.7311457311083,-0.2637863089172345,-2.220446049250313e-16,-8.159820128896256e-19
3,13599.0,-76.3966706653688,-0.268313969317235,878.9180314092536,2.9178737215558677
3,13600.0,-36.39822821443432,-0.1280358401911598,603.5622920906059,2.1122046111413306
2,13601.0,-31.84448067475327,-0.10364794178126423,373.0553051284759,1.1603374521742411
1,13602.0,1.6693404634581093,0.0051633356305995845,-6.999999999999999,-0.0208955223880597
5,9507.0,-46.00383835984513,-0.16345472331117888,1284.2428658261456,4.282537659997223
1,13604.0,-9.66131907308378,-0.02988283942108892,-15.0,-0.04477611940298507
4,9509.0,-97.25858019300617,-0.3332959220400692,1417.1328586742632,4.61559282155038
1,13605.0,-64.66131907308377,-0.2,138.99999999999997,0.41492537313432826
2,13606.0,-20.987891460397854,-0.0739032336051327,1.1102230246251565e-16,3.314098580970616e-19
1,13608.0,-53.66131907308378,-0.1659765678842178,318.0,0.9492537313432836
1,13609.0,-15.330659536541887,-0.04741833218470021,1.1102230246251563e-16,3.314098580970617e-19
2,13607.0,-58.81450207473225,-0.19031899332758934,886.4001175088132,2.76603884830343
1,15650.0,-42.027642276422775,-0.15275101944329533,-2.220446049250313e-16,-7.7769143871575e-19
1,15651.0,-33.02764227642277,-0.12004018675019207,-2.220446049250313e-16,-7.7769143871575e-19
1,15652.0,-11.027642276422775,-0.04008037350038418,-2.220446049250313e-16,-7.7769143871575e-19
1,13614.0,39.6693404634581,0.12269882839421087,-27.0,-0.08059701492537312
1,13615.0,11.669340463458113,0.03609372846312888,-20.0,-0.059701492537313425
2,13616.0,-15.165329768270945,-0.04690696071674708,152.5,0.4477274199368934
1,15656.0,0.0,0.0,149.31056910569106,0.5229469607805916
2,13619.0,-19.3266106143344,-0.06205026857881228,152.5,0.4510071214756965
1,14105.0,-19.64512338425382,-0.06699661370148477,1172.5374868083259,3.866356948519394
2,11577.0,-33.46981127412364,-0.10226538043992799,93.37037037037037,0.26944237559842416
2,14107.0,160.40904292415425,0.5603256267401412,85.99396432005125,0.28355883306092533
2,14108.0,-22.918191415169147,-0.08124311218867093,647.4762478253025,2.170487645149858
1,11591.0,11.430894308943087,0.0415460079191537,-8.881784197001252e-16,-3.110765754863e-18
2,14109.0,-44.336382830338295,-0.15613764401858377,217.36276763291198,0.7621136557523157
4,11595.0,-36.566206188287524,-0.1286411656595516,1242.7722153465406,4.1532165143346536
3,1356.0,-64.18662546075468,-0.23393085525487747,612.6846691840641,2.1492250478798987
4,1358.0,-31.036959281515635,-0.10463516271685733,681.6106336091132,2.2056236506021665
1,14111.0,0.0,0.0,677.840188014101,2.2351286422814627
1,11612.0,0.0,0.0,-1.1102230246251563e-16,-3.88845719357875e-19
1,11613.0,-28.322561692126907,-0.09658965676157656,486.54173642669207,1.604335933428065
1,9574.0,-88.3474870017331,-0.3239791540881502,1807.8474970196653,6.382915745940625
1,11623.0,-0.05528455284552969,-0.00020093375096034963,-4.440892098500626e-16,-1.5553828774315e-18
1,14115.0,1.0646298472385496,0.003630753200953797,424.4555526729439,1.399611265207204
1,14116.0,-41.64512338425382,-0.14202416494680106,421.1928431128685,1.3888527181069863
1,11631.0,-71.56910569105692,-0.2601205602505762,1417.7883135515847,4.965677205859511
2,14117.0,-12.256910569105694,-0.044548194551149466,-5.5511151231257815e-17,-1.944228596789375e-19
1,11640.0,0.0,0.0,-20.000000000000004,-0.07004821747218955
2,11648.0,-60.42967622978229,-0.21018521978804464,1117.8609625409367,3.7352860166719037
1,11652.0,-29.330659536541887,-0.0907208821502412,-32.0,-0.09552238805970148
3,11658.0,-53.053006992168626,-0.17061288464527366,955.5672797147599,3.221960339798874
2,9619.0,-50.75457424550743,-0.17707460567868338,324.25063961097896,1.0934446043558583
3,9620.0,-45.66523597302966,-0.16546492254245096,327.6574138728037,1.1409591745357137
3,9622.0,-81.2704951514118,-0.274958306783964,1143.413340424999,3.8504227716377244
2,12089.0,55.65213235504858,0.20345939481949746,-8.881784197001252e-16,-3.0197346969541414e-18
3,9624.0,35.19805880280314,0.11763874908262362,-10.333333333333334,-0.03597740499828827
4,11675.0,1.197051399603568,-0.004112268328837779,-3.3306690738754696e-16,-1.1210216291191956e-18
3,12090.0,-65.55491475676742,-0.21840134682876666,1343.5041547465664,4.3568080121575115
2,9629.0,-97.14111268906663,-0.3166898275036917,447.44007050528785,1.3935646762313665
1,14125.0,0.0,0.0,585.840188014101,1.931765344079355
1,14126.0,-37.93537015276147,-0.1293726330975615,127.87316629392363,0.4216524508529487
1,9633.0,0.0,0.0,163.6607669616519,0.5698151318041766
1,9635.0,-73.99197860962565,-0.2288600964851826,0.0,0.0
2,8835.0,-34.06552694658339,-0.1220559814485742,129.9393414211438,0.46227180363747544
2,14127.0,-88.86402510676108,-0.3190959745140145,69.48002350176263,0.22705547898864167
3,1446.0,-22.529995757542576,-0.08197532509967657,1.4802973661668753e-16,5.226443813849087e-19
3,9639.0,-12.082757858112624,-0.048735282309853,2.9605947323337506e-16,8.837596215921644e-19
3,1448.0,60.70217552912254,0.20105316835801187,-2.6666666666666665,-0.009284491612461485
2,1447.0,99.95613264283905,0.34960845315432504,-4.440892098500626e-16,-1.4643518195226412e-18
5,1449.0,-21.44888268748996,-0.07471803882729973,893.9457380866334,3.0612304947721585
5,1451.0,-38.845201264533344,-0.13065541598628153,1733.4439491763173,5.819270303925228
1,9644.0,-23.322561692126907,-0.0795379405694592,0.0,0.0
2,14128.0,-98.92967622978225,-0.3496665055202547,1666.508365098927,5.672953483921322
4,1454.0,-100.05285309102126,-0.3447127852374857,1507.767974394744,5.0678301645540325
2,9647.0,-40.37917235420724,-0.14714802408209388,351.18776527446096,1.2271308250628068
3,9648.0,-39.232646441052815,-0.13860649931785152,219.24603942349404,0.7552156261392876
1,9646.0,-63.66131907308378,-0.1969069607167471,264.0,0.7880597014925373
2,14129.0,-25.013821138211387,-0.09091365758524912,-13.500000000000005,-0.04451526658400496
1,12095.0,-63.96768507638074,-0.21815176227783686,387.8801410105758,1.2790065096094234
3,1462.0,27.750245848381315,0.08386590490088645,0.0,0.0
3,1463.0,-1.4393629590895831,-0.012790174992154882,1065.1012416307483,3.6707703891465253
4,1464.0,20.058334978951855,0.07739190119910296,-10.000000000000002,-0.03358922270142359
2,1465.0,-23.9887473918987,-0.0862802815465854,-1.1102230246251565e-16,-3.88845719357875e-19
4,1466.0,-61.31020187657104,-0.2144603510919556,2.7755575615628914e-17,1.346431268403079e-19
5,1467.0,-77.07509346612332,-0.2689398740644325,1060.8009305032876,3.662865389437593
3,1468.0,11.534114530074506,0.048095163897574456,503.0462571074345,1.6921546396623388
1,11709.0,0.0,0.0,430.8801410105757,1.4207958772473652
1,14131.0,-29.322561692126907,-0.1,-35.0,-0.11540995040297583
2,14132.0,-13.661280846063454,-0.04658965676157654,290.1530649919589,0.9532738722013241
2,1472.0,-42.36472086823467,-0.13685873161145617,1030.830383480826,3.1525060677441274
3,9666.0,-7.959657781870997,-0.027680260571437965,-4.440892098500626e-16,-1.5712766538400122e-18
2,14133.0,-78.02530595282451,-0.274845925791217,125.14346929794084,0.44373591619014824
2,9668.0,-19.29602954623676,-0.06866501655900528,308.3690591352411,1.0603033687490762
3,5572.0,-71.33243899113309,-0.24652723360697956,933.4915509793171,2.963982986134944
1,9669.0,-132.6169844020797,-0.486319870348597,1044.514731369151,3.687838458008261
1,1477.0,69.91707317073167,0.2541161869865846,-8.881784197001252e-16,-3.110765754863e-18
1,14134.0,-25.64512338425382,-0.08745867313202559,0.0,0.0
3,9674.0,11.765790600611814,0.044675622795000806,-8.1112152346861,-0.02694088911230766
4,8843.0,-102.31723954519262,-0.35934344629188125,885.4653577446185,3.029154464342263
1,14135.0,-85.9676850763807,-0.293179313523153,0.0,0.0
2,14136.0,-141.94349736799367,-0.5044324723993721,1893.875445287204,6.499513326747482
1,9683.0,0.0,0.0,144.330383480826,0.5025128380691544
1,14137.0,-105.29024676850763,-0.3590758811389184,783.4302616589372,2.583304218349952
4,9688.0,26.265961290699003,0.09132036061556784,4.440892098500626e-16,1.4467862882714863e-18
1,9690.0,-19.737463126843654,-0.07115814101882377,0.0,0.0
1,14138.0,-63.61280846063457,-0.21694151121085226,-8.881784197001252e-16,-2.9287036390452825e-18
4,9693.0,-17.606138490014462,-0.05163811121658819,1050.7169672171945,3.5118216116971572
2,14139.0,-63.172765660676596,-0.22564782604858444,-2.220446049250313e-16,-7.7769143871575e-19
3,9700.0,13.502258921427623,0.0492471565186657,84.66996184387489,0.27584496392929453
2,14140.0,-75.94349736799366,-0.2647772263774252,313.14599358959333,1.0851646041312315
1,11760.0,-23.269497400346623,-0.08533159617401252,-41.0,-0.14475753403702005
5,9715.0,-54.03687772369585,-0.18762250144030085,1459.4595018257373,4.944525196718901
5,9716.0,95.90771107126707,0.33233130351912665,-1.7763568394002506e-16,-6.776381058263579e-19
1,10886.0,-31.47492625368731,-0.11347442305647132,756.6519174041299,2.634423142759329
2,9717.0,-72.62900414946449,-0.24319639066223478,448.2272780026403,1.4593096330218898
2,14143.0,-95.02530595282451,-0.3378661197126461,1566.7804873442296,5.368926494147694
5,1530.0,-27.865681396549792,-0.09594585277048691,404.08373319216275,1.4009805112357443
4,11774.0,-86.89477917550676,-0.2993469410024311,1636.8495341748371,5.354870577595182
1,11775.0,-58.07798960138647,-0.2129778512186596,318.40516549012983,1.1241840629512307
1,11776.0,-46.80849220103985,-0.1716514665226095,-139.0,-0.4907633471011168
2,11777.0,-53.120935675866754,-0.19131623511297707,586.8717778223611,2.0063847798726027
1,14145.0,-69.96768507638075,-0.2386138217083777,296.38537123413084,0.9773091712656748
2,11779.0,-38.158944522465205,-0.135406749645766,-1.1102230246251565e-16,-3.88845719357875e-19
1,11780.0,17.35487661574618,0.059186086120183536,456.8801410105757,1.5065289832610038
3,11781.0,-86.95314297120171,-0.29609020905193956,1262.397689129569,4.144452108449828
1,14146.0,-29.322561692126907,-0.1,157.96004700352526,0.5208617482951021
4,10890.0,-33.520678104152125,-0.11462309434837371,-5.0,-0.014925373134328356
1,11784.0,-26.269497400346612,-0.09633289904350313,149.93934142114387,0.5293865687624293
1,9743.0,-62.661319073083774,-0.19381392143349413,850.4734299516907,2.5387266565722117
3,9744.0,-48.641499370315216,-0.17209556288220143,-2.9605947323337506e-16,-1.0307856360093887e-18
5,9746.0,-44.93731531646076,-0.15831012631923766,911.9933434980754,3.0864350210468454
2,11794.0,-36.28331853855801,-0.1326959381496503,143.06105324570586,0.5052146350600814
2,11796.0,-9.187564639077923,-0.03323538113607358,3.3306690738754696e-16,1.1790874247968511e-18
5,9749.0,-64.85823156270263,-0.22862032851348477,760.5004687915109,2.584825705016478
2,11797.0,-44.06957586879087,-0.15577205760500434,283.8934909539737,1.0222489632415863
5,9751.0,-84.23221210072478,-0.2913544882915753,1151.9473395140146,3.702375578021291
1,11799.0,-15.269497400346618,-0.05599478852203755,-46.0,-0.16241089184641272
3,11802.0,3.601854569857577,0.017366651779880216,7.401486830834377e-17,2.251233276391165e-19
3,10894.0,-52.471869888372886,-0.18788965086846818,203.82470039917817,0.7273862421109493
4,11804.0,7.419733527681693,0.030292051097642894,-2.75,-0.009709346795165979
2,11805.0,-51.3984633227908,-0.17843669001265677,0.0,0.0
1,11807.0,-25.027642276422764,-0.09096389102298916,101.31056910569107,0.35483123884733664
4,11808.0,67.22420069897895,0.23533634542570414,1.942890293094024e-16,6.867551422378943e-19
2,11809.0,-41.18896134950655,-0.14203448115051703,0.0,-1.1487172252162675e-19
4,7716.0,-45.14746522801619,-0.15669923647305314,152.24594457926398,0.5256721976193363
4,11813.0,121.93879561109829,0.4226202304745785,-1.1102230246251565e-16,-3.88845719357875e-19
1,13862.0,2.064629847238553,0.007041096439377277,340.4328447440575,1.1225525064987325
1,11816.0,-17.330659536541887,-0.05360441075120607,1.1102230246251563e-16,3.314098580970617e-19
1,11823.0,-130.65329768270945,-0.4041157822191593,824.9999999999999,2.462686567164179
3,9781.0,-68.82831047060354,-0.2346993268993249,187.99968762927506,0.6099332390394377
3,9782.0,-28.617590832886588,-0.10151928084321477,484.40159804210685,1.6876044073927892
3,9783.0,-21.638206928200145,-0.07467263692861976,458.4392463947741,1.5764592701127977
3,1593.0,-53.75374601514696,-0.1812961796006101,1093.0471649321207,3.5394679654829146
1,10900.0,-32.330659536541894,-0.1,330.0,0.9850746268656716
1,11835.0,-47.027642276422775,-0.17092370427279713,467.2422764227642,1.6364744295531342
5,1596.0,6.483588883632305,0.023661066558374154,57.519210910515255,0.18873183003584576
4,1597.0,38.21582256505131,0.13966175733236905,-3.885780586188048e-16,-1.3850757366742607e-18
3,11836.0,-24.677022491213744,-0.08226736115833097,-2.590520390792032e-16,-8.65764593649407e-19
5,1599.0,15.15879019367085,0.05655443854569875,-1.7763568394002506e-16,-6.776381058263579e-19
1,1600.0,-58.687315634218294,-0.21158141018823784,21.330383480825933,0.07426566244436829
5,1601.0,65.83956755190023,0.2264266268256121,-4.6,-0.014167820831592381
1,11310.0,-13.54146341463415,-0.049216949352875135,250.13381431827565,0.8760713911257424
1,11849.0,-27.513821138211387,-0.1,-63.0,-0.22065188503739705
1,11850.0,-20.269497400346612,-0.0743302933045219,617.7573656845755,2.1810983631635312
3,11857.0,64.16400750164082,0.2186701533750499,0.0,-1.5316229669550234e-19
1,13908.0,0.0,0.0,117.31056910569107,0.4108698128250883
1,11861.0,-40.661319073083774,-0.1257670572019297,2.220446049250313e-16,6.628197161941232e-19
1,11866.0,-62.661319073083774,-0.19381392143349413,873.5670498084288,2.6076628352490414
4,11867.0,-34.072279571598756,-0.11454313198619565,727.1207698074827,2.3720675105073092
1,13914.0,-98.05528455284555,-0.3563855564091957,272.9967159277504,0.9561466663250304
3,11870.0,-23.259975760518458,-0.08246233519886687,91.5211876379949,0.2766400581972872
1,13939.0,-54.02764227642276,-0.19636546303409966,553.2422764227642,1.9376817646835487
3,11892.0,-72.26649057118772,-0.24819950509705838,0.0,-7.658114834775117e-20
4,11893.0,94.86498898354472,0.3451332967783445,68.00200467758103,0.23817096061000223
1,13940.0,366.43089430894315,1.331806630813782,176.34507678410117,0.6176329144361341
1,11905.0,4.730502599653382,0.017347230607899847,174.26791721888057,0.6152827794725049
3,7810.0,-46.35897624606747,-0.16479306795596482,546.6898489439758,1.7772705312516883
2,11906.0,-59.100156936888496,-0.19816644952175155,1227.7573656845752,3.9752596357359598
2,11909.0,-25.118591238363678,-0.08903546589220063,0.0,0.0
5,1672.0,-9.461119530860305,-0.025770447587194757,34.73320825515948,0.12158214061636725
1,11912.0,-17.32256169212691,-0.0590758811389184,302.9200940070505,0.9988569435833851
5,7827.0,-55.56678725941077,-0.19545325217683715,870.8091957293775,2.9143918808901526
5,7829.0,35.634305355958894,0.11857196977668567,-3.552713678800501e-16,-1.2078938787816565e-18
3,7835.0,28.297127901369105,0.1071832396920915,-1.4802973661668753e-16,-4.535901649635187e-19
2,7836.0,-33.75457424550744,-0.11708102707819242,320.42590066206185,1.0962384160354075
1,1700.0,-6.737463126843659,-0.024290120174412424,237.66076696165194,0.8274597740499829
2,7845.0,-15.652150018148998,-0.055675366624442564,0.0,0.0
4,7846.0,-25.412519927631717,-0.08653737624238063,-3.82683024939662,-0.012104767696136212
2,1719.0,-37.495989304812824,-0.11597656788421777,245.5637169260358,0.7838571953938048
3,1720.0,188.5988305002795,0.6627474533459695,-5.921189464667501e-16,-2.0131564646360943e-18
3,11965.0,3.608702412894297,0.01900286509435765,-4.440892098500626e-16,-1.5712766538400122e-18
1,1726.0,-45.47492625368732,-0.1639476762735297,1440.9734513274338,5.017014720985965
4,11967.0,13.530557897635049,0.0579409323007527,-1.6653345369377348e-16,-6.119865096672192e-19
1,14997.0,0.0,0.0,56.310569105691044,0.19722274953491015
1,11966.0,-58.082926829268295,-0.21110454464866146,-8.881784197001252e-16,-3.110765754863e-18
1,11970.0,-26.53899480069323,-0.0973211732180876,0.0,0.0
2,11971.0,-13.430778246410075,-0.04831195763864664,0.0,0.0
3,11974.0,-37.23264644105281,-0.13161589243118854,241.16709307398597,0.8128336344645118
2,11987.0,-50.436061475588026,-0.1764534831279635,-1.6653345369377348e-16,-6.119865096672192e-19
1,14037.0,-173.2579318448883,-0.590869016370449,1592.1759837932639,5.2500843234968535
1,14040.0,28.677438307873093,0.09779990782856113,0.0,0.0
1,14041.0,0.0,0.0,0.0,0.0
1,14042.0,-28.322561692126907,-0.09658965676157656,0.0,0.0
2,14043.0,-45.91585509157089,-0.15810678152717994,318.4696054230379,1.0680280540363305
2,14044.0,-8.256910569105692,-0.030010046687548017,1372.017609351301,4.770017891920805
1,14045.0,33.67743830787309,0.11485162402067844,0.0,0.0
2,7902.0,-32.640256021958265,-0.10939593746676593,5.5511151231257815e-17,1.6570492904853085e-19
1,14046.0,0.0,0.0,707.8401880141013,2.3340514569125848
6,7904.0,69.57509566793472,0.23813295219594355,29.53452338871215,0.10344203586349882
1,14049.0,-22.322561692126907,-0.07612759733103573,1471.6404230317273,4.8526270923744566
5,7906.0,-72.10306371771064,-0.2521911120441647,1456.7381990624688,4.890672051900888
2,9955.0,3.1724996447004976,0.0163066778631311,117.91439592463682,0.3995132559960723
1,7908.0,-88.94985250737464,-0.3206848878017654,20.330383480825965,0.07078397808969533
2,7909.0,-28.506960527190277,-0.10362611624288089,524.3556500182835,1.8409180170562784
4,7910.0,-57.83883525719247,-0.20842703339615867,468.1811838409666,1.6256632357876097
1,14051.0,-24.322561692126907,-0.08294828380788266,0.0,0.0
1,14052.0,-45.645123384253814,-0.15566553790049495,0.0,0.0
3,7913.0,-5.423165800115538,-0.019887296492844802,172.3101639545406,0.6086317652666251
1,14055.0,0.0,0.0,-5.0,-0.016487135771853692
5,7915.0,45.544217607768715,0.1457938276939376,-1.4000000000000001,-0.004616398016119033
1,14060.0,-13.32256169212691,-0.04543450818522452,0.0,0.0
2,7917.0,7.982598682024307,0.02750006795301005,4.440892098500626e-16,1.5679331441547262e-18
1,14053.0,-45.645123384253814,-0.15566553790049492,1504.3564454506866,4.960505793081734
2,14054.0,66.1383112168372,0.23013791942238968,-4.440892098500626e-16,-1.5553828774315e-18
2,14056.0,-14.89969762976126,-0.05883265674224977,-2.220446049250313e-16,-7.7769143871575e-19
2,12017.0,-31.33065953654189,-0.09690696071674708,1299.37027027027,3.9785489580071376
1,14057.0,-65.29024676850764,-0.22266215160197966,89.9486813970064,0.2965992245383309
1,14059.0,-54.645123384253814,-0.18635862704630607,0.0,0.0
1,14061.0,-29.322561692126907,-0.1,0.0,0.0
2,14062.0,-31.33638283033829,-0.1077676948244946,-4.0,-0.01318970861748295
1,14063.0,-82.96768507638073,-0.2829482838078827,444.7759270286078,1.4666162193945491
1,12023.0,0.0,0.0,-40.0,-0.14122686247514152
1,14064.0,-55.645123384253814,-0.1897689702847296,755.8002350176264,2.492196218226906
3,7929.0,-23.96524667273782,-0.08578895955805481,225.87952638178265,0.752707241191194
2,14065.0,-100.76839538371883,-0.35649765327293415,271.75063961097896,0.9119253462626062
2,14066.0,-82.65894452246519,-0.2877275080743025,-7.0,-0.023081990080595163
2,7932.0,-75.04014364499167,-0.2616294123780307,373.059562704197,1.1405180649388311
2,14068.0,-65.32022536852867,-0.22713926521615177,-5.551115123125783e-16,-1.853197538880516e-18
2,14069.0,-73.1589445224652,-0.25544134417301806,-1.1102230246251565e-16,-3.88845719357875e-19
1,14070.0,-103.61280846063455,-0.35335524074779096,-8.881784197001252e-16,-2.9287036390452825e-18
1,14080.0,-57.645123384253814,-0.19658965676157653,-50.0,-0.16487135771853687
2,14072.0,-61.99766367640174,-0.21681706118880795,161.96585365853656,0.5697307716379645
2,14082.0,-62.26839538371881,-0.2217244358177388,-4.440892098500626e-16,-1.5553828774315e-18
3,9987.0,-38.26534883878157,-0.13177089372859493,-20.666666666666668,-0.06814682785699525
1,14075.0,-49.645123384253814,-0.1693069108541888,-8.0,-0.0263794172349659
3,1797.0,-38.98257692700218,-0.12396207389116044,-2.9605947323337506e-16,-1.0307856360093887e-18
1,14086.0,-28.322561692126907,-0.09658965676157656,0.0,0.0
2,14078.0,-25.59095707584573,-0.09529661971692854,584.1821269838238,2.0090585569645816
2,14079.0,98.9908515089851,0.34386090964132116,402.64248061419664,1.38318807828312
3,1793.0,36.58428948566806,0.12315725710242381,21.32001566784176,0.06818303349595067
1,14081.0,-127.61280846063455,-0.43520347846995416,874.6734013115498,2.8841718246905184
2,14083.0,-51.836382830338295,-0.1827240900804058,274.10116171314473,0.9535619969539936
1,14084.0,-28.322561692126907,-0.09658965676157656,932.7602820211516,3.0757090824550524
2,14085.0,-88.57713593763435,-0.30942542911743626,-2.220446049250313e-16,-7.7769143871575e-19
2,14087.0,-89.82022536852867,-0.3124862243773419,422.5018557967524,1.4191631941703067
5,1807.0,-0.9347532810534289,0.00897887482687949,0.0,-9.189737801730141e-20
2,14088.0,-121.15660819886696,-0.4232805345227746,350.93431112238864,1.16832047744627
1,14089.0,-57.29024676850764,-0.195379405694592,0.0,0.0
1,14091.0,-102.93537015276144,-0.3510449435950869,0.0,0.0
1,14092.0,-48.645123384253814,-0.16589656761576535,84.96004700352529,0.2801495660260385
2,1812.0,-84.88265261780239,-0.30794202574629465,748.4260670848605,2.609552371859298
2,14093.0,-114.10244189045888,-0.40993640316843605,-7.000000000000002,-0.02451687611526634
2,14094.0,-73.5747996140361,-0.265103320176237,-37.03995299647477,-0.13617793157504532
2,14095.0,-71.98150621459212,-0.2505291004911947,953.3231035634619,3.292106803565374
1,14096.0,-110.61280846063455,-0.3772276434167552,-38.0,-0.12530223186608802
1,14097.0,-180.25793184488842,-0.6147414190394134,65.73742281607447,0.21676436305207447
1,1818.0,-71.80849220103985,-0.2633289904350313,861.6360485268633,3.042153893223192
1,14098.0,-58.645123384253814,-0.2,123.96004700352526,0.4087492250464972
1,14099.0,-58.645123384253814,-0.2,0.0,0.0
2,14100.0,-132.0886207522475,-0.46376185815184234,455.0021702324371,1.5512917899428222
2,14101.0,-86.60244189045888,-0.30124308123457727,-5.000000000000002,-0.016487135771853692
1,14102.0,31.032314923619275,0.10583084537239268,518.5417364266921,1.7098536023679285
1,14103.0,-3.3225616921269125,-0.011331075800989852,0.0,0.0
2,14104.0,-48.336382830338295,-0.1700032106997545,479.737380652799,1.6719396727030285
4,1826.0,-37.17629588235631,-0.1278566582185232,-6.661338147750939e-16,-2.2829565754841122e-18
1,14106.0,-11.322561692126909,-0.03861382170837758,348.92009400705047,1.150538592684439
5,1828.0,-54.641736430344835,-0.1866732715950472,1868.3873886573463,6.294386704218288
2,1829.0,-16.138228963768444,-0.05881742475837698,0.0,0.0
3,1830.0,-25.377150229087295,-0.09210957940083415,562.3656138331295,1.9658910418089235
1,14110.0,16.354876615746175,0.055775742881760064,0.0,0.0
5,1832.0,108.37160390307201,0.36375770785625106,252.39907379427777,0.8845872905706844
2,14112.0,-30.67510198427484,-0.10842701861962276,1376.4099314387508,4.664521149806511
1,14113.0,0.0,0.0,181.73655643220854,0.5992630561213945
2,14114.0,-48.86402510676107,-0.1771894986538919,1737.9019888457015,5.941027064222903
4,1836.0,87.54091236559736,0.3151257561988288,0.0,0.0
3,1837.0,-14.750367843702632,-0.05046058346006025,-2.9605947323337506e-16,-9.762345463484276e-19
2,14118.0,-87.75223792190918,-0.31390163850261166,0.0,0.0
1,14119.0,-62.29024676850764,-0.21243112188670926,0.0,0.0
2,14120.0,-48.43201255338054,-0.1738619413931318,819.4134910045125,2.8099813624267984
2,14122.0,-27.918191415169147,-0.09818273151704981,32.2827957949909,0.11921712660005263
1,14130.0,-19.967685076380736,-0.06809665978720422,0.0,0.0
2,14123.0,-25.418191415169147,-0.0897689702847296,346.0783066483551,1.1563686319097786
5,1844.0,-14.37085398980033,-0.04698016433619813,1258.9249459836437,4.183525790436701
2,14124.0,33.909042924154264,0.1276841415784497,40.834296022905946,0.1322908037642976
4,12086.0,-37.37810044734958,-0.12288980696535681,130.9545060658579,0.43436339693042625
4,12087.0,-77.76313126805104,-0.26969437487908193,1490.061195654865,5.02003177226711
2,12088.0,-53.70138577728932,-0.19611340324136287,2.220446049250313e-16,7.9024170543897625e-19
4,1849.0,-52.01995992112762,-0.18103256007193208,1141.992929992703,3.965137351605642
3,1850.0,-58.87367950615311,-0.21095497775628924,415.7477084433879,1.4662431356959427
3,1851.0,67.12595951256671,0.24500018308131324,148.40832036323312,0.5224196643862521
4,1852.0,-27.158138926811496,-0.09251269483395902,-1.6653345369377348e-16,-6.119865096672192e-19
4,12091.0,-2.120553611248494,-0.010008028522947606,35.58356028719981,0.1256338643764069
3,1854.0,1.7940406993579405,0.009254558585752803,177.99424716307965,0.6106936366304481
3,1855.0,18.487542944646183,0.0674769918236392,2.220446049250313e-16,7.860582831979008e-19
2,12092.0,-11.704324568964182,-0.03478916691317255,657.7672721179975,2.3384553115843154
3,12094.0,42.6621879306038,0.14279748133722045,-1.4802973661668753e-16,-5.343547355523454e-19
3,1858.0,-52.370676082522266,-0.17050294552033404,818.9511693400368,2.662561651121485
4,12096.0,-76.29457926390948,-0.2632987062885383,886.9175442501214,2.961633470032396
4,1860.0,58.593835576207674,0.20474626353474115,-1.7499999999999998,-0.005945430825779641
1,12093.0,-76.07798960138645,-0.27898566843560324,0.0,0.0
1,14141.0,-22.322561692126907,-0.07612759733103573,-34.0,-0.11211252324860507
2,14142.0,-76.52296962922627,-0.27185538229171985,-4.440892098500626e-16,-1.5553828774315e-18
1,14144.0,-63.29024676850764,-0.2158414651251328,-21.0,-0.06924597024178547
1,14150.0,-30.61280846063455,-0.10440018434287776,326.9153211182197,1.0779794570350472
1,14151.0,-70.29024676850766,-0.2397138677940971,0.0,0.0
2,14147.0,-40.85020396854968,-0.1420097388470728,27.410189097515655,0.08351614724208713
1,1862.0,-9.130434782608694,-0.029391182645206425,520.8260869565216,1.6309053778080331
2,14157.0,-78.85020396854968,-0.28001004668754803,1326.1361876621963,4.520500990209994
1,14159.0,-98.29024676850763,-0.3352034784699541,1047.7203290246766,3.454781463112212
1,14160.0,18.67743830787309,0.06369647544432645,0.0,0.0
1,14161.0,-53.96768507638073,-0.18404832989360206,-17.000000000000004,-0.05605626162430255
2,14162.0,-19.918191415169147,-0.0706757918821852,323.57537855989597,1.0735575495700143
2,14163.0,-14.322561692126904,-0.04884485142364798,303.42590066206185,1.0387472683764338
4,1876.0,-52.196532764451604,-0.18690726696897808,927.1449265520291,3.060531624392635
1,14164.0,0.0,0.0,-26.000000000000004,-0.08573310601363919
2,14165.0,-62.99766367640176,-0.21977901697227767,1244.736205063587,4.176162234097397
2,14167.0,-62.18892312248623,-0.2236377476656549,175.46585365853662,0.617115810291312
1,14168.0,-128.93537015276146,-0.43971386779409705,1760.3691336584757,5.804688983041547
1,14169.0,-60.29024676850765,-0.2056104354098624,931.7602820211516,3.0724116553006815
1,14172.0,-55.645123384253814,-0.1897689702847296,229.92009400705052,0.7581447613143208
1,14173.0,-47.645123384253814,-0.16248622437734184,0.0,0.0
1,14174.0,-58.645123384253814,-0.2,-8.881784197001252e-16,-2.9287036390452825e-18
4,1887.0,111.72222104359943,0.39092540288663263,-4.440892098500626e-16,-1.5507806657227915e-18
2,14175.0,-39.90203395335951,-0.13804287611385285,582.5638619678654,1.9209618976079255
1,14176.0,-29.322561692126907,-0.1,272.92009400705047,0.8999341289522625
1,14177.0,-30.61280846063457,-0.10440018434287784,940.7602820211516,3.1020884996900184
2,14179.0,-34.43201255338053,-0.12241793955183453,217.94007050528785,0.7106471414592984
1,14180.0,-30.96768507638073,-0.10561043540986237,396.8801410105758,1.30868335399876
1,14181.0,0.0,0.0,296.92009400705064,0.9790723806571606
2,14182.0,-113.61859935226849,-0.40212100653424226,-8.881784197001252e-16,-3.0197346969541414e-18
1,14183.0,0.0,0.0,-44.00000000000001,-0.14508679479231248
1,14186.0,3.677438307873091,0.012541326867974436,472.00832869482764,1.5564130801274731
1,1899.0,0.0,0.0,116.33038348082596,0.4050256761383088
2,1902.0,-33.896373839844586,-0.12284981537999404,513.8471414035073,1.7971476058961386
1,1903.0,-35.47492625368731,-0.12789535254705944,-15.0,-0.05222526532009586
2,14190.0,-90.17276566067659,-0.3153730593475107,664.2429086434878,2.226854067542347
3,1905.0,-14.614411074925082,-0.05168917447599359,734.6952253292175,2.3166935868548997
2,14192.0,35.29959206290064,0.12093181497953784,-4.440892098500626e-16,-1.5553828774315e-18
1,14193.0,-29.322561692126907,-0.1,-77.00000000000001,-0.25390189088654685
1,14194.0,-24.322561692126907,-0.08294828380788268,-16.0,-0.0527588344699318
1,12164.0,-123.0829268292683,-0.4473494474321849,431.2422764227642,1.510387638103193
3,8106.0,-90.55557205949727,-0.3145295813551532,1202.4261473439733,4.115433122526802
5,8107.0,23.662189790181678,0.08282985473401885,470.2870398884712,1.6094212566735009
1,14254.0,-5.513821138211384,-0.02004018675019208,-1.1102230246251563e-16,-3.88845719357875e-19
1,14260.0,-29.322561692126907,-0.1,-17.0,-0.056056261624302536
1,14261.0,-11.322561692126909,-0.03861382170837758,0.0,0.0
1,14264.0,-29.322561692126907,-0.1,91.96004700352526,0.30323155610663355
1,14270.0,-27.322561692126907,-0.09317931352315306,0.0,0.0
1,14271.0,-12.645123384253823,-0.0431242110325205,0.0,0.0
1,14274.0,0.0,0.0,455.2461201831516,1.5011409186138482
1,14275.0,-26.645123384253825,-0.09086901637044906,-4.0,-0.01318970861748295
1,14288.0,-49.645123384253814,-0.1693069108541888,0.0,0.0
1,14289.0,0.0,0.0,848.8002350176262,2.798856943583384
1,14290.0,-24.322561692126907,-0.08294828380788268,0.0,0.0
1,14292.0,-21.32256169212691,-0.07271725409261226,516.8801410105757,1.7043746125232482
1,14293.0,0.0,0.0,-19.000000000000007,-0.06265111593304404
1,14294.0,23.677438307873093,0.08074819163644377,0.0,0.0
1,14295.0,-26.322561692126907,-0.08976897028472959,-8.0,-0.0263794172349659
1,14296.0,-24.322561692126907,-0.08294828380788266,0.0,0.0
1,14297.0,-26.322561692126907,-0.08976897028472959,-57.00000000000001,-0.1879533477991321
1,12253.0,-11.269497400346618,-0.041326384696050066,0.0,0.0
1,14301.0,-25.322561692126907,-0.08635862704630612,0.0,0.0
4,10213.0,16.797313399419753,0.06147916628706296,17.34,0.047683894106648556
5,10214.0,19.462870413494095,0.06989247771539427,0.0,-9.189737801730141e-20
4,10218.0,2.2571533600054545,0.010366325462265503,196.87626536666866,0.6564072862828286
1,10219.0,-16.513821138211384,-0.060020093375096034,-1.1102230246251563e-16,-3.88845719357875e-19
2,10220.0,-30.267475536328945,-0.10655629201251263,65.87437027325588,0.2298144073550907
1,10222.0,-21.269497400346612,-0.07799739426101876,0.0,0.0
5,8175.0,-85.4993849438629,-0.3005032619761555,1613.2786782555754,5.392615399978434
4,10223.0,10.021940995650574,0.03591797005868868,-4.440892098500626e-16,-1.5098673484770707e-18
2,10225.0,-53.336382830338295,-0.18806379866551787,837.5644832615444,2.8728562173331103
2,10226.0,-25.525305952824517,-0.08571418803752476,169.98792864010255,0.5605228118131091
1,14331.0,-69.54146341463414,-0.2527510194432953,0.0,0.0
3,10228.0,-74.35819944812795,-0.24723949772494805,1137.0633650235623,3.5082917409587293
3,8181.0,-38.397026237379116,-0.13644780925368172,641.6649935875074,2.2343231656802955
4,8182.0,-65.54882328232395,-0.22862760654593778,950.0538718721665,3.158345748151041
3,8183.0,-56.53705719348614,-0.1933017283441,604.6001083827958,2.037344383083661
1,10229.0,12.461005199306765,0.04569576408529031,0.0,0.0
1,14325.0,-75.05528455284555,-0.2727912061934874,1279.9643852466895,4.482961180720874
2,8186.0,-6.478406517282451,-0.024168789200577457,-17.0,-0.06002141655193514
3,8187.0,-49.91105701531089,-0.18077209401254915,205.81965894998282,0.7247245291990615
2,10236.0,-32.48150621459211,-0.11660522061963684,-1.1102230246251565e-16,-3.88845719357875e-19
1,14333.0,-50.05528455284553,-0.18192778204597834,0.0,0.0
5,10238.0,-33.99059913460094,-0.11719869552651933,852.3713337112944,2.8128449030918885
