pid,batRI,bowlRI,clusterRI
14336.0,-0.26,1.0768848475644481,0
10242.0,-0.36989524465885604,1.7907462686567162,0
14338.0,-0.13,-5.054994351652375e-19,0
14339.0,-0.13,-0.10927521925661565,0
8198.0,0.21978658698750825,1.625250817049644,0
10247.0,-0.16159782027458475,0.3727906107969149,0
8200.0,-0.009515608109926854,-0.008573310601363916,0
10249.0,-0.37912470268186016,1.9536254335215146,0
10250.0,0.07602688625749494,0.18151706342137947,0
10251.0,-0.4906487291290014,1.160441932542195,0
8204.0,0.11204198456930838,1.4452499394764624,0
8205.0,0.09524619143276662,2.319869006679431e-19,4
10254.0,0.00020048519054314816,0.24734926202313112,0
10252.0,-0.24029924258500887,1.5851647793817052,0
10256.0,-0.13895025814445094,5.063752008950201e-19,0
10253.0,0.07477809194417188,-0.01774619858150115,0
10258.0,0.11473800936521027,0.1243907052379322,2
12305.0,-0.04975225724715426,1.8851267129512064,0
10260.0,-0.24830436978911297,2.6218128090844783,0
12306.0,-0.42792886744534353,0.6999662981974812,0
10262.0,-0.04563756248005953,0.6523372132831221,0
12309.0,-0.1991590716554984,0.6352847462547768,0
12312.0,-0.05458198147382528,1.6592850446697074,0
8209.0,-0.0028601198228705507,0.3184392436453813,0
14354.0,-0.47517877194019265,1.6995771159456128,0
10267.0,-0.2579215519524192,1.670970384121198,0
12316.0,-0.27409790665812467,0.19036378326559655,0
10261.0,-0.20802612138762486,-1.010998870330475e-18,0
10270.0,-0.27571734932695,1.1535433332022464,0
10264.0,-0.1395804030494652,-2.02199774066095e-18,0
12322.0,-0.440241825288379,2.2156359546113076,0
10275.0,-0.13326112951549712,0.6925625157636786,0
10276.0,0.11566306908259273,3.7469311575121227e-19,4
10277.0,-0.15887495202101812,0.748213065000207,0
12323.0,-0.2504655375131082,0.5829671102952425,0
12328.0,0.005710222355108774,0.2731547671338721,0
12329.0,-0.043649921019623276,0.5264952867000359,0
12330.0,-0.13733674409736568,1.0975532009083084e-18,0
12331.0,-0.2898881438876354,0.36864638393218696,1
12332.0,-0.14686769961685453,1.231550567155709,0
10285.0,-0.17531566735869777,1.603864063593684,0
14383.0,-0.12527510194432953,0.35135274687725426,0
12337.0,-0.22692571361030675,0.34322319166108395,0
12338.0,-0.1408192189138517,0.2692403243077865,0
10290.0,-0.22220081555463628,1.0736717415239758,0
14385.0,-0.09705632054843095,0.42524156194236684,0
10293.0,0.039687946868346646,0.0,4
10294.0,-0.1968980719420908,-0.020489103610615435,0
12340.0,-0.5507771408309202,2.9358580432058923,0
12344.0,-0.10358709676025638,2.6279453905917944,0
10297.0,-0.12382726891984536,0.053447386746853176,0
10298.0,-0.1996857339765679,4.639738013358862e-19,0
12346.0,-0.2519580978635424,0.5997014925373134,0
12345.0,-0.31199474816077943,2.6920690763292727,0
10301.0,0.004363782941695036,-0.04000878280636495,0
8257.0,-0.2605723950849436,0.31135557585622214,1
8258.0,-0.01683476770888844,4.639738013358862e-19,0
2115.0,0.03153843528498377,1.4383776729339206,0
8260.0,-0.4778187812400297,1.7198000684697023,0
69.0,0.06989330963516244,0.5018346995439507,0
8261.0,-0.3091842684260989,3.630560597392349,0
8259.0,-0.05044867764090004,0.17338892788606203,0
10311.0,-0.40290114659399673,1.2217898110113712,0
73.0,-0.39052294558545897,1.8389571811007415,0
74.0,0.19802973370221166,-6.36465970053908e-19,4
75.0,-0.2343703813053849,2.257396783180899,0
70.0,0.05044742444945823,2.1951064018166167e-18,4
10317.0,-0.31093959374667657,1.8250512388105031,0
8270.0,-0.14006000797527318,1.825687719328866,0
8271.0,0.05182649793731908,-7.69566156258179e-19,4
10319.0,-0.1771094727779846,1.0795167207312046,0
8269.0,-0.065,0.5619039997911883,0
10313.0,-0.193258762591757,0.0,0
10323.0,-0.39505742694110635,0.9045492285959571,0
8273.0,-0.06166500847961771,7.405583982395278e-19,0
10322.0,-0.03345074853019724,-0.005174129353233832,0
12365.0,-0.26,-0.30268656716417913,0
8279.0,-0.044366029421012046,-1.010998870330475e-18,0
8280.0,0.20205496439231255,-1.010998870330475e-18,4
8281.0,-0.12994387385769862,2.7061358754318117,0
10329.0,-0.04928336510392898,-1.010998870330475e-18,0
10330.0,-0.2864056690711494,0.0,0
8284.0,0.030491356031817095,-7.549368074556958e-19,4
8285.0,0.03972600494435002,1.019140739586043,0
10332.0,-0.16104311991117695,-1.0968701963907905e-18,0
10334.0,-0.1001823021415307,1.3261449495574842,0
96.0,-0.26,3.1185852423682796,0
10336.0,-0.282303287454075,2.9283955687527988e-21,0
10335.0,-0.030587091679787518,0.5317125798630363,0
8292.0,-0.07040960945692584,0.7220724019442796,0
14438.0,-0.20585958276697602,-0.022765670678461598,0
14440.0,-0.26,-0.44620714529784733,0
8298.0,0.1290040399852811,0.6997383383892042,0
10354.0,-0.15663292489446534,0.884941333027316,0
10356.0,-0.05223248364222245,0.15786842387923747,0
10357.0,-0.1132455626866552,0.9095411929831921,0
8311.0,-0.32907157290226524,1.4342891064089789,0
10360.0,-0.13715447531379893,-3.3699962344349174e-19,0
10363.0,-0.08236790214504305,0.8257991879317358,0
10364.0,-0.011543058336956036,0.15475334346404043,0
10365.0,0.07625494947107142,-0.022765670678461598,0
10366.0,-0.14916384475123734,0.2630424674519528,0
10367.0,-0.13,0.2908295104416296,0
10368.0,-0.2459395937466765,1.4045987675453613,0
10369.0,-0.21778001378359754,1.111842942662491,0
10371.0,0.03830436302392836,-0.27080250879608386,0
10372.0,0.044626104554471316,0.19568550485068004,0
2180.0,-0.16617111559549702,2.789115739208548,0
10373.0,-0.29089085699400885,0.48392099665107696,0
14467.0,-0.049937946929850485,-0.04097820722123087,0
14468.0,-0.047379587494828915,-1.010998870330475e-18,0
10379.0,0.34957803912298324,-4.0439954813219e-18,4
10381.0,-0.04922848429425545,2.3209434987520887,0
6286.0,-0.17192211252078404,1.1166289313395503,0
6288.0,-0.1048915325402379,0.32964039423446884,0
145.0,0.36442139287411635,5.8567911375055975e-21,4
2195.0,0.18337314486486378,-0.01552238805970149,0
6291.0,-0.10025266996613708,-3.807314730758867e-18,0
6293.0,-0.34003440802621476,2.7933787494604974,0
6296.0,-0.18875214662291795,1.6687833710695132,0
12443.0,-0.24569830626966205,2.687910050481873,0
12445.0,-0.28988814388763545,2.275324460761817,0
8350.0,-0.05139803244779801,4.639738013358862e-19,0
8351.0,0.14773239373073216,0.6489917783252525,0
6301.0,-0.3662594425631675,0.29987832284940946,0
8353.0,-0.3543810986942437,3.5415162639887035,0
8354.0,0.0,0.6791461828141047,0
6305.0,0.012859662238180929,-1.943104157139939e-18,4
8356.0,-0.14650948964356927,1.19245408009865,0
12452.0,-0.13,-5.054994351652375e-19,0
8358.0,-0.03444177924201935,-4.0113647878415114e-19,0
2215.0,0.12923478334837132,-0.00550784763653052,0
6311.0,0.020018287711896794,1.8910359521685784e-19,4
14504.0,0.12190946161574368,0.3451366149772881,0
6314.0,-0.31008933319153464,2.647538514207463,0
6315.0,0.09482126671258234,-1.5702620424161531e-18,4
12460.0,-0.12778327689502475,-0.31895194189468024,0
14508.0,-0.3451787719401927,-2.02199774066095e-18,0
6310.0,-0.10907627711686495,0.0,0
6319.0,0.05269942076043377,0.8401518810834492,0
15503.0,-0.20815672832574916,0.7295895324671465,0
6322.0,0.0872317204491285,0.05436822787283926,4
6323.0,-0.18846119944888745,0.8354804833728956,0
12467.0,-0.5641898376179733,2.824723415254281,0
14518.0,-0.23165061166597722,-2.02199774066095e-18,0
6327.0,-0.42878812734729255,3.5835859465326303,0
6328.0,-0.38912684378619544,2.337728009574563,0
14521.0,-0.189126529164943,-1.010998870330475e-18,0
14526.0,-0.15132734471957926,-2.02199774066095e-18,0
12493.0,-0.15543739228983827,0.0,0
14548.0,0.08250989894214288,1.9882532831848763,0
12503.0,-0.009580403049465194,-2.02199774066095e-18,0
8184.0,0.3088783136634139,-3.807314730758867e-18,4
6375.0,-0.18834187671463704,2.716035073531134,0
8424.0,0.15282500909509564,1.1760252673276257,0
8425.0,0.269144587130662,0.8459867591502468,0
8426.0,-0.5840044230332956,3.6316240147698555,0
10478.0,0.021130461612496727,-2.02199774066095e-18,4
10484.0,-0.13685977775195632,1.3143134254141533,0
6389.0,-0.11818775486082386,3.993086559993341,0
8190.0,-0.11679421401751403,0.5904225049558822,0
12537.0,-0.121133107580099,0.7753704277743334,0
10489.0,0.0,4.607928373648431,0
6398.0,-0.057237052004679385,0.0,0
10494.0,0.0,0.2851571813660351,0
8600.0,-0.26390503076176547,-0.040723225356478605,0
10504.0,-0.14282994788897163,0.0,0
265.0,0.008066797628048444,1.0975532009083084e-18,4
269.0,-0.12046553751310814,0.34500227489180696,0
270.0,-0.39,0.8942224261893834,0
10509.0,-0.1949283667621777,0.0,0
14606.0,0.08120264759765973,0.9469454041535363,0
14607.0,-0.4492571361030672,-4.0439954813219e-18,0
14613.0,-0.3216848885999647,-0.11382835339230801,0
10520.0,-0.02233092665200025,-1.2043875552652395e-18,0
10523.0,-0.06627917971751081,1.4152177379551236,0
14619.0,-0.13,0.6561234291355024,0
14621.0,-0.3806808108267834,3.041950716632109,0
14623.0,-0.4421044855504994,-4.0439954813219e-18,0
15525.0,-0.24110040777731806,-0.555482364554463,0
14625.0,-0.016602446663908768,0.7517392459850414,0
10531.0,-0.13,0.049891795436425065,0
14628.0,0.11427693398735297,0.22081592049057766,4
14629.0,-0.13,-0.48718535251907835,0
15526.0,-0.0874759174989658,-0.10927521925661565,0
10235.0,-0.12523276875655406,-0.11933669879149456,0
14632.0,-0.10637550972164767,1.225676373438627,0
15527.0,-0.6027510194432953,5.140864481471003,0
10541.0,-0.3342699735430605,1.7503976582385639,0
15529.0,-0.13,3.4122468582710055,0
308.0,0.07160076414733726,-2.6763376556630857e-19,4
10645.0,-0.4704538738845222,3.717778958958199,0
10551.0,-0.37725415993801953,3.761530545625985,0
10554.0,7.714348688560673e-05,1.391475123992561,0
14650.0,0.07226286862478573,3.6692852424161897,0
14651.0,-0.12055020388865906,-5.054994351652375e-19,0
14653.0,-0.13,-5.054994351652375e-19,0
10562.0,-0.12297795638555643,-1.010998870330475e-18,0
14659.0,-0.31440163110927255,2.491341167090625,0
14662.0,-0.38527510194432946,0.5329478260639231,4
14663.0,-0.18682938360616985,-2.02199774066095e-18,0
14666.0,-0.3310040777731813,4.2467314603186646,0
10649.0,-0.22488978192778206,-4.0439954813219e-18,0
12620.0,-0.15565468848472083,-5.054994351652375e-19,0
14669.0,-0.2293534661072041,-2.02199774066095e-18,0
12623.0,-0.21566553790049492,-0.03857989770613763,0
12624.0,-0.344503365462526,0.6090453940814327,0
8615.0,-0.10339932274029695,-0.1500329355238686,0
14671.0,-0.15605224277524968,-0.11838148752800032,0
12627.0,-0.28234750049226776,4.118613497492519,0
14672.0,-0.1749518349979316,0.05960192110558486,0
12629.0,-0.04895706886141916,0.0,0
12630.0,-0.10170164287417166,1.58506271354023,0
12625.0,-0.13242775249689737,0.16747617601275672,2
14683.0,0.021590331540689078,-5.054994351652375e-19,4
12638.0,-0.356692659125072,2.466738283243398,0
12640.0,0.18315743269982002,-0.06374387789969249,0
12641.0,-0.13,0.2930490545567265,0
14688.0,-0.184662844985521,0.39472229604599846,0
12643.0,-0.19572666361910265,3.8195998273254754,0
12644.0,-0.18038437716658967,0.20359070006014054,4
12645.0,-0.24093107502621625,0.0,0
12647.0,-0.1259790489317712,1.0315779615004372,0
12648.0,-0.17180622199625026,2.319869006679431e-19,0
12649.0,0.0,0.31125531589414107,0
12650.0,0.13751831661653746,0.8864648538296966,0
12651.0,-0.028621551600479557,7.732896688931439e-20,0
12652.0,-0.05343906744008021,-3.8677736986952996e-19,0
12653.0,-0.41163843782770343,2.663195349548722,0
12654.0,-0.2612847564269598,0.3029872833054523,4
12655.0,-0.159227369626056,-0.01973024792133339,0
12656.0,-0.12999999999999998,0.0,0
12658.0,-0.07756045632209478,-0.18818479424812606,0
12659.0,-0.27474628220153463,0.0,0
12660.0,-0.13733674409736563,1.0975532009083084e-18,0
12661.0,-0.1741898376179732,1.9517117944011015,0
12662.0,-0.23616384378277033,2.5728182631637404,0
12663.0,-0.1565173599477928,0.6944544023166149,0
12664.0,-0.05849153134831102,0.0,0
12665.0,-0.1252327687565541,0.7930420682270152,0
12666.0,-0.22662938129587845,-0.15605568303503137,0
12667.0,-0.3470949188089865,-0.1790050481872418,0
14712.0,-0.13,1.2134179353809937,0
12669.0,-0.1429487670571012,0.21862010178946062,0
12670.0,-0.1688638180565128,2.319869006679431e-19,0
12672.0,-0.12046553751310814,0.318669726174086,0
12673.0,-0.1754745940449331,0.8661943899759412,0
10628.0,-0.16065682158804406,-6.739992468869832e-19,0
10629.0,-0.11593959374667656,0.0,0
10630.0,-0.22773688129716205,1.4958868492020572,0
14726.0,-0.2293534661072041,4.238298151030791,0
10632.0,-0.03503349994682546,0.0,0
10633.0,-0.17566823476780527,1.159934503339716e-19,0
12683.0,-0.21837967523594648,1.0975532009083084e-18,0
10636.0,0.05127041640601542,-1.194665914224918e-19,4
12684.0,-0.12999999999999998,-0.4727569221355361,0
10638.0,-0.1922931949320243,0.6613995822932474,0
10640.0,-0.13,0.3200756590208833,0
12689.0,-0.08709491880898663,0.0,0
10642.0,-0.23149325388787884,2.4276385535916556,0
12690.0,-0.0012847564269598533,0.0,0
12691.0,-0.0870949188089866,-0.22031390546122076,0
12692.0,-0.1646553751310814,0.6101532813217073,0
10644.0,0.0,-0.16523542909591554,0
8599.0,0.08078407826122044,-0.013769619091326298,0
10647.0,-0.2831739974290647,2.003854737050867,0
12695.0,-0.13123019166380648,0.6137913668388822,0
10650.0,-0.12334675625223941,1.082090859518575,0
10651.0,-0.25531319791555873,-0.05431427593289969,0
10652.0,-0.05032436456450068,0.0,0
413.0,-0.012682977728438113,0.4955432431870909,0
10654.0,-0.24577873542866696,0.8820003945994831,0
10655.0,-0.1191609060937998,-0.22178329339267372,0
8608.0,-0.22274231866406505,2.8324592906950623,0
10653.0,-0.11569830626966218,-0.20195441333945235,0
10657.0,-0.22662938129587848,0.0,0
10659.0,-0.15793261005726705,0.8462023927794774,0
10666.0,-0.54947622329428,2.1104477611940298,0
8610.0,0.12421363736549983,0.0,4
8614.0,-0.1908099212378166,6.067733256211399e-19,0
10662.0,0.0,-0.12220712084902433,0
8616.0,-0.17964510201651943,3.231159948627691,0
10664.0,-0.08181366645128237,-0.020367853474837383,0
10665.0,-0.22975619461919078,4.201073477343674,0
8618.0,-0.3257769276577425,2.3365756886623985,0
8617.0,0.1419731165299513,-4.0439954813218996e-19,4
10669.0,-0.07844517707114751,0.0,0
10667.0,-0.28988814388763545,0.10365182805568303,0
10671.0,0.1278915669315925,-0.1118787389215273,0
10672.0,-0.07878191002495422,0.6327169929989773,0
10673.0,-0.0870949188089866,1.821044275805297,0
10674.0,-0.03641698872736849,0.3366842348639431,0
434.0,-0.17563756248005954,2.8969359808284834,0
10668.0,0.38033326964218694,-0.008573310601363921,4
10680.0,0.007180099677053987,0.21209204592487174,0
10682.0,-0.2484864071215183,1.3011880180042266,0
2123.0,-0.2648555049937947,1.2460512927597858,0
10684.0,-0.18670058035544457,2.437754612183622,0
8649.0,0.08681186470673478,-2.010031990218308e-18,4
8654.0,0.04369137509305543,0.0,4
463.0,-0.13,-0.22796460176991157,0
8656.0,-0.11361732404687827,0.3412252980908698,0
466.0,-0.24359110988417088,3.8449805603833282,0
8659.0,-0.25803943016400915,1.9917816939279986,0
8658.0,-0.3958519698314522,1.740079944911598,0
8661.0,-0.12763755097216478,1.754912835884162,0
8663.0,0.134042110258109,5.487766004541542e-19,4
8665.0,-0.37229988164122985,2.1355399414523895,0
8666.0,0.026025736467084965,0.0,4
8682.0,0.12113350832548542,0.3276378939523901,0
8683.0,-0.20552503119680343,2.792716952594054,0
8684.0,-0.3068846998915569,1.9320697705444092,0
12779.0,-0.062207643093406886,2.8473946688239042,0
8686.0,-0.24331469064793915,1.4113127262520664,0
8690.0,-0.26814314580453047,0.23233721328312223,0
8691.0,0.11310219569158114,1.32557600429441,0
499.0,-0.22357765232943824,0.0,0
8693.0,-0.2891162394980325,2.4281923998630606,0
8695.0,-0.12039136445815171,-0.8961855528928448,0
10744.0,0.020350788034012773,-1.0109988703304748e-19,4
8696.0,0.03594711803809832,1.2444976378004737,0
8697.0,-0.5059395937466766,2.338016775077028,0
8701.0,-0.11326102169349196,0.0,0
8702.0,0.05204466247278591,-2.02199774066095e-18,4
8704.0,-0.22233729881035694,0.0,0
10753.0,-0.21524007917985213,2.4342221900712,0
10754.0,-0.12709741561577667,0.32619543116048605,0
8707.0,-0.13624811547579074,0.47008646876622256,0
10755.0,-0.1935723000242153,-8.651330656293751e-19,0
8709.0,0.13795345691018945,0.3158213120524848,0
10756.0,0.01135185541022754,-0.0413088572739789,0
8711.0,0.24431419287848685,0.02364832454410029,4
8712.0,-0.3559619270445602,0.578257304130727,0
8713.0,-0.17850770643527772,1.227425430200095,0
10761.0,-0.09818781240029775,0.0,0
522.0,-0.38531319791555874,1.3534180075316673,0
8716.0,-0.00943998557733356,-8.087990962643798e-19,0
12813.0,-0.14172701224277162,0.0,0
527.0,-0.35984957207904117,-0.022765670678461594,0
8720.0,-0.34912189217851713,3.006622349341417,0
14352.0,-0.3049518349979316,-2.02199774066095e-18,0
8726.0,-0.2052690002189302,1.9104803789487002,0
8728.0,-0.07443688003846348,1.1333299778879957,0
8730.0,-0.4963755097216478,7.472130319153745,0
8731.0,-0.07329707013280401,1.117632547400435,0
8733.0,0.2575997735374545,0.0,4
8734.0,-0.1766217298258807,2.0902558347518707,0
8735.0,0.23499304735411375,0.0,4
10785.0,-0.14019696348677171,1.5465793377862876e-19,0
10786.0,-0.15680796014850165,2.396978681521173,0
10787.0,-0.10893386915666921,-2.02199774066095e-18,0
8740.0,-0.26727748787849015,0.6827025289969701,0
8741.0,-0.4001884348981416,1.6883390935213702,0
10788.0,0.013407423162820415,0.0,4
551.0,0.285973642219727,-4.0439954813219e-18,4
8744.0,-0.2879344499280033,-0.034293242405455684,0
12841.0,-0.1456484664461469,0.12147883296466669,0
8748.0,-0.6278327689502474,4.483724039057655,0
8749.0,-0.01382537488035729,0.0,0
10802.0,-0.34313197915558863,-0.03168332762752482,0
8755.0,-0.3519128117151633,2.7264488915105907,0
10805.0,-0.34190152079123687,1.329046217048956,0
10806.0,0.04884129831335104,0.23903965859895068,0
8758.0,0.06628275831533635,0.14151723250151788,0
10808.0,-0.3715681459161777,3.7489930473515014,0
10809.0,-0.20240021502046396,-1.4933323927811478e-19,0
8760.0,0.02047301084358444,0.19226553490239273,0
8762.0,-0.11289682126522312,0.0,0
8759.0,-0.17473664059430263,2.0307877901160203,0
8765.0,-0.2887232744454374,2.1183915048956834,0
574.0,-0.21289170961348153,1.5228283098450203e-20,0
8764.0,-0.06471497925880426,0.0,0
8768.0,-0.14001774661834254,-0.04498880179050821,0
8769.0,-0.1714654849020883,0.21507115540256144,2
576.0,-0.10149153231677799,0.0,0
8763.0,-0.16792134599597025,0.8903446523799992,0
8772.0,-0.20072006083522978,1.8174969621128636,0
8773.0,-0.036820261886339745,0.08815560698808161,0
8774.0,-0.1524737575793322,1.3199472951056062,0
8775.0,-0.12876954163564822,0.0,0
8770.0,-0.04239328201539538,0.31259360108917644,0
8777.0,-0.05494762232942798,-0.13631178979244785,0
8778.0,0.014710032095077721,0.3755135383203304,0
587.0,0.05457955230120443,0.5167315548862075,0
8780.0,-0.34758944080102716,1.7773024826547614,0
590.0,0.3598250694403404,0.0,4
592.0,-0.1387171053486455,2.3527149189838337,0
8785.0,-0.5009310750262163,1.2421710526423426,0
8786.0,-0.2459395937466765,0.5134180075316671,0
8787.0,0.03608832436483063,0.478321818027256,0
10836.0,-0.21530001902609192,3.3238502539406286e-19,0
8789.0,0.13758313611080897,-0.017146621202727835,0
597.0,-0.24593959374667657,0.0,0
8791.0,0.04861214506008721,0.0,4
10839.0,0.07765905958045566,-0.014552238805970149,0
10840.0,-0.2938030415824736,-4.020063980436616e-18,0
8794.0,0.012699052754764711,0.0,4
8795.0,-0.11074223113096747,1.683616761300566,0
8796.0,-0.26392389871665217,1.7346028799452504,0
8797.0,-0.2183637752468532,3.4230862829756816,0
10842.0,0.0,2.8546987333105105,0
10847.0,-0.14758842558758792,2.6425708037962496,0
10844.0,0.04895103666142856,-1.2045784002723352e-18,4
8806.0,-0.2665362057635187,1.0086677517039986,0
10855.0,-0.45907157290226525,0.0,0
8808.0,0.032163026185566976,3.117054326265521,0
10856.0,-0.25255886219163437,-8.809295375742653e-19,0
8810.0,0.17613765336632922,0.09101898153515604,4
8811.0,-0.13,0.7906880307103453,0
8264.0,-0.09233729881035689,0.0,0
8813.0,0.12396650873451195,0.07872388059701492,4
8816.0,-0.2634563437200893,-0.04526189661074974,0
8817.0,0.07200527157577229,-8.809295375742653e-19,4
10866.0,-0.11569830626966218,0.2750588516488383,0
8819.0,0.025792404304377178,0.24476531821011474,0
8265.0,-0.11110040777731814,5.810807909204902,0
8822.0,-0.13775678095505958,4.639738013358862e-19,0
8825.0,-0.1563122930200188,0.07356454167712968,0
10875.0,-0.23064872912900142,0.0,0
12926.0,-0.3839932274029695,8.421409482560673,0
8831.0,-0.2993754859872723,-0.02302017804298877,0
10880.0,-0.1432616985276971,1.0549885249578521,0
8834.0,-0.14608321913729297,1.6396152342543684,0
10883.0,-0.18032436456450074,-0.03168332762752482,0
10884.0,-0.04095076039561843,-0.1629428277986991,0
10885.0,-0.16640360250294078,2.960119949534035,0
8837.0,0.0031479292956032323,2.8029769402497333,0
10887.0,-0.2844844355772123,0.975210307151805,0
10888.0,-0.02279432274727068,-0.01821253654276928,0
8839.0,0.003871371857875205,0.3883106812735364,0
10889.0,-0.10187918749335315,0.0,0
10891.0,0.006035349086134882,2.319869006679431e-19,4
10892.0,-0.09596192704456023,0.7083923313933584,0
10893.0,0.03020851044471394,-1.010998870330475e-18,4
8846.0,0.1313618915468738,-1.4840954793109175e-18,4
10895.0,-0.5310716258742414,1.9293422348599838,0
10896.0,0.019548761676607847,0.3742958067214513,0
10897.0,-0.12062639583111773,1.3531049038097462,0
10898.0,-0.16786504153219425,2.319869006679431e-19,0
10899.0,-0.10745401148855611,-0.08001756561272991,0
8849.0,-0.3317055617066578,2.9235713906457423,0
8850.0,0.037574295374550315,0.14892714278144284,0
8853.0,-0.22719238540891204,0.31763847997261213,4
10903.0,-0.029116239498032513,-0.07241903457719959,0
10904.0,-0.09719238540891205,0.0,0
10905.0,-0.01586122012957074,-0.008573310601363918,0
10906.0,-0.11125279166223541,1.4362820951728859,0
10907.0,-0.1053355312134425,0.0,0
10901.0,-0.12648897819277824,-5.054994351652375e-19,0
10909.0,-0.2553131979155588,0.0,0
10910.0,-0.13477512326703658,2.319869006679431e-19,0
10902.0,-0.3169189337844398,0.230743550084348,0
8855.0,-0.21174858718125433,-0.13970149253731343,0
10913.0,-0.41911623949803256,2.3575142074631983,0
10914.0,-0.21658832287567792,0.0,0
10915.0,-0.17726342256415814,0.2749878466278671,0
10916.0,-0.26,0.0,0
10917.0,0.04008273680938414,0.485734285603691,0
10918.0,-0.11369721811525817,-0.1290054671779491,0
10919.0,-0.05186748711943839,2.246132647959994,0
10310.0,-0.038359356016249534,0.5210487055762053,0
8883.0,-0.2178187812400298,0.159221841834988,0
8884.0,-0.2632039385376312,1.4177088889204785,0
8885.0,0.04873870041476121,-0.20820472440944887,0
694.0,0.12435704715551757,1.1868423903166123,0
8887.0,-0.00012478972543867732,0.6085485996102454,0
8888.0,-0.223533392649096,0.9410742484037589,0
8890.0,-0.2757405948337392,-9.518286826897168e-19,0
10315.0,-0.23816541196571567,1.499493357221944,0
8893.0,0.08256997730013413,0.0,4
702.0,-0.30255184361663534,1.1670547348842912,0
10945.0,-0.2199533045618038,1.0001755605908116,0
8898.0,-0.3525150864353469,2.140472494533522,0
8899.0,-0.07211184339615277,0.6935335990678008,0
10947.0,0.14140029840240556,-9.0329066644893e-19,4
8901.0,-0.006581519143861523,1.6236568154688042,0
10949.0,0.11956952584623515,0.12191066238335631,4
10948.0,-0.13,-0.1320408899350773,0
10952.0,-0.06298952446588557,0.9721182948728773,0
10953.0,-0.3697784874015848,2.0813165993397904,0
10954.0,0.03618010828141702,0.5624794641670111,0
10955.0,-0.35828903033081455,1.8118497827717812,0
10320.0,-0.26008253807255544,1.4237294459385126,0
10965.0,0.0,-0.09052379322149948,0
8918.0,-0.3789818471370562,3.018684220846731,0
8919.0,-0.03205788493954332,-0.013769619091326298,0
10967.0,-0.3009507603956184,0.6011564532694282,0
10969.0,-0.2225055833244709,0.0,0
8922.0,-0.1162511932724856,0.384378022891923,0
8923.0,-0.18802252417744864,3.345426919559384,0
8924.0,-0.36915487074567077,2.6702180610233253,0
8925.0,-0.2349317963302815,4.324423426009463,0
10974.0,0.08411472544510828,-0.03346590975416399,0
8920.0,0.5238892500443236,-4.0439954813219e-18,4
8932.0,0.07118338682512951,0.0,4
8933.0,-0.11593959374667659,0.0,0
8934.0,-0.1648003992289437,1.3295401015762514e-18,0
8935.0,-0.12317775941716473,-9.376881340982988e-19,0
10984.0,-0.09313555023557912,1.15983851382156,0
8937.0,-0.11397632031996376,0.1383137722194828,1
8936.0,-0.30403384513104564,3.155141955597104,0
10987.0,-0.153459143321245,1.5799886930574516,0
10324.0,-0.2690646089767399,0.8579375334995021,0
8941.0,-0.10268136896628426,0.0,0
12359.0,-0.26715265055256787,-2.02199774066095e-18,0
8944.0,-0.31566682218380837,2.5997746437324483,0
8945.0,0.0,-0.2076106194690266,0
10994.0,-0.09719238540891205,0.0,0
8948.0,-0.21396027430760686,1.6536951842756946,0
8949.0,-0.3405166597463481,2.5067409736799977,0
10327.0,-0.121133107580099,0.0,0
8954.0,-0.26590627699338854,3.5544807780115564,0
8955.0,-0.06106104420223072,1.0975532009083084e-18,0
8957.0,-0.3031431426530226,1.5219392594147214,0
8961.0,-0.13140301194052534,1.0594227096212967,0
8962.0,0.0,1.106076730336071,0
8963.0,-0.06722883135059483,0.7106739278420695,0
8964.0,-0.16626395831117727,0.0,0
11012.0,-0.2897249567264204,2.557090637138316e-19,0
11014.0,-0.1754745940449331,0.3425308047984919,0
11015.0,-0.26319532658630485,4.86004260535842,0
11016.0,-0.2071052020061633,0.5888565400990878,0
11017.0,-0.10695841341308758,-2.5274971758261876e-19,0
11019.0,-0.375245761543763,0.9054496114468977,0
11020.0,-0.23189729008956755,1.1509498754336633,0
11021.0,-0.10578474851256714,0.2137005211847456,0
11023.0,0.023923526978310936,0.36209716666263986,0
11024.0,-0.30833723264321417,2.1870130969735606,0
11025.0,-0.18401950826055413,1.730392206688234,0
8978.0,0.026853093520607565,0.0,4
8979.0,-0.18328299478889712,0.6498220071587386,0
11027.0,-0.25602410732328024,1.1120957260507924,0
11029.0,0.024977914773268942,0.0,4
790.0,-0.18927952569762965,0.8477035184649256,0
11031.0,-0.10821544145300985,0.914830214432884,0
11032.0,0.2177483294399114,1.0953698475993114,0
14403.0,-0.1726546894391585,-2.02199774066095e-18,0
11028.0,0.0,0.7443841831504613,0
11036.0,0.041283425435627186,1.864636848365881,0
11038.0,-0.1042089711009988,-4.0439954813219e-18,0
8992.0,-0.010882920714008773,-9.518286826897168e-19,0
13088.0,0.7794031085633236,0.0,4
8995.0,-0.371005820626893,2.6242646907799143,0
8996.0,-0.06150457234684432,0.36583660762160164,0
11043.0,-0.10525088182020396,0.0,0
8999.0,-0.11787484374905323,0.8657177361773469,0
11047.0,-0.21840553056528017,1.0585157467363229,0
9001.0,-0.13389972383543125,0.5078068319142542,0
9002.0,-0.28221556254749375,4.1945327974717985,0
12373.0,-0.5583276895024747,0.0,0
9005.0,-0.2456983062696621,0.0,0
11054.0,-0.034366263290681334,1.6341335893576427,0
9007.0,-0.14388212720438262,0.07794789873556068,0
14409.0,0.08629099934992016,1.160646908005338,0
9010.0,-0.09495656255700033,0.11455567009942147,1
9012.0,0.0005418021448269555,0.057749484400087,0
14410.0,-0.4398073399917263,1.826085301528992,0
9014.0,-0.0038786349363362296,-0.019477996890261855,0
9015.0,-0.133312852325804,1.350333869053387e-18,0
11062.0,-0.1454147098054196,-5.80166054804295e-19,0
13113.0,-0.15011346847113055,2.7709742684087626,0
9018.0,-0.1554291957901117,0.2475814671087173,0
9019.0,-0.23339932274029693,0.6830424674519527,0
9013.0,-0.18925713610306724,2.382626876583226,0
13117.0,-0.4357645220109403,3.1244714817110975,0
13115.0,-0.06411264109686188,-4.0439954813219e-18,0
9017.0,-0.18048985304408674,-0.06513274336283187,0
9024.0,-0.31448814795519675,0.2629471387204572,0
9025.0,-0.06697449498479673,-3.505372593235058e-19,0
9028.0,-0.1306429149712326,-0.0032149914755114704,0
9031.0,0.39689156341758386,-2.02199774066095e-18,4
9033.0,-0.3367556057968186,3.0692698068898006,0
13130.0,-0.4160522427752497,0.0,0
13131.0,-0.21386130993724137,1.4238980594932964,0
13133.0,-0.3658742935906273,-0.03104477611940298,0
9038.0,-0.2673490593226687,2.6919131300471713,0
9039.0,-0.2578022816104737,1.915920984895345,0
13136.0,-0.43958097863542384,3.2346268656716406,0
13137.0,-0.43556002756719503,0.5913432835820894,4
13135.0,-0.1019118255422256,0.0,0
14416.0,-0.2790301991608062,-0.07285014617107713,0
9042.0,0.038159552134359696,-0.10991150442477879,0
9043.0,-0.13,0.7391695030633085,0
13145.0,-0.2519580978635424,0.7313432835820894,0
1800.0,0.4823768208868495,0.0,4
14420.0,-0.3546285680515335,1.5875972891909336,0
13164.0,-0.01085948801780271,0.1424423382544808,0
13174.0,-0.16082191592005515,3.0118844873971735,0
13184.0,-0.06385142722061343,0.5310873609476442,0
15648.0,-0.23880326221854503,-2.02199774066095e-18,0
11149.0,-0.1514343211578222,-0.15522388059701492,0
15649.0,-0.11595591277111278,-0.2777411822772315,0
7918.0,0.0695591322603219,0.0,4
13217.0,-0.23783276895024746,2.0472954736577185,0
15653.0,-0.13,-5.054994351652375e-19,0
13230.0,-0.13,0.25611787042777434,0
13235.0,0.18635902779169247,0.6793887963553171,0
11195.0,-0.06478503905886834,2.1397711187827606,0
13250.0,-0.23970122693242138,1.5009977089759068,0
13252.0,-0.15389769049026733,2.1485966866183333,0
3012.0,0.0,-5.054994351652375e-19,0
13254.0,-0.11352816027421547,1.8651204059588067,0
13262.0,-0.19936181297212818,-0.3557923899566026,0
13263.0,-0.23039593644178177,0.0,0
13264.0,-0.23343764983020043,0.0,0
13266.0,-0.12652109581575002,0.7986082387919214,0
13268.0,-0.13485550499379467,-0.0455313413569232,0
1824.0,0.16144967791501688,-2.02199774066095e-18,4
6304.0,-0.09652204338698389,-0.26460176991150447,0
9204.0,0.06886201802153974,1.2962711300853311,0
9205.0,-0.022218888401445085,0.15002179028349208,0
9208.0,-0.2514726667103811,-1.010998870330475e-18,0
9211.0,-0.18032436456450074,0.0,0
9212.0,-0.12523276875655406,0.7065406149609913,0
9213.0,0.030015952355631172,0.0,4
9214.0,-0.26771937719341826,2.4599144356381446,0
9217.0,-0.016314819342060312,0.06622213926492768,0
9218.0,0.023546271187786003,0.6628751116057638,0
9236.0,-0.12556655379004947,0.0,0
9237.0,-0.2279141377228384,1.6057059813370047,0
9238.0,-0.36656598957779424,1.7900010678552885,0
9241.0,-0.05293714679531359,2.3617666366323986,0
9244.0,-0.26334566334674975,1.401631490118104,0
9245.0,-0.2104894562643231,0.15215820396108337,0
14050.0,0.21885607229446766,0.0,4
9255.0,-0.042761135712425125,0.0,0
9257.0,-0.029681900245520344,0.9385907776196121,0
11307.0,-0.11360858272801336,2.692405809807659,0
9260.0,-0.19784111453791348,1.1137692571037316,0
9261.0,-0.1600654450510832,0.35094750426267474,0
11308.0,-0.22453243032039594,2.505994795318578,0
11311.0,0.021542733393915332,2.848021467229756,0
11312.0,0.015156163451586857,-1.010998870330475e-18,4
9263.0,-0.07054848990341234,3.015262051133982,0
9266.0,-0.10946958032734837,2.319869006679431e-19,0
11315.0,-0.06626055167815229,0.7734149180123333,0
9268.0,-0.3416990397217357,2.0919255119659423,0
9269.0,-0.2314928635262043,2.1319779052297108,0
9270.0,-0.18969796873338296,0.0,0
9271.0,-0.2997203020312666,4.013142416980487,0
9276.0,-0.15685755519090192,0.5788641609145507,0
9278.0,-0.12162182282250347,0.0,0
9279.0,-0.0925055833244709,0.0,0
9281.0,-0.31425822161821027,3.989042279063315,0
9283.0,-0.31501116664894174,0.2908295104416296,0
9284.0,-0.09623049773417697,-0.006429982951022939,0
9289.0,0.0032708852244292203,-0.06713114040741426,0
9290.0,-0.11741696864017873,7.405583982395278e-19,0
9291.0,-0.2775905183641574,4.537071282116203,0
13388.0,-0.049528483466963355,-3.8677736986952996e-19,0
9295.0,-0.07144309875836194,-3.3699962344349174e-19,0
9298.0,-0.08609128331281511,4.001818119656928e-19,0
9302.0,0.06735568971381994,0.0,4
9308.0,0.04007090114535828,7.732896688931439e-20,4
9311.0,-0.2780504949380254,6.388736167031892,0
14067.0,-0.310197968220891,0.634570288282703,0
15483.0,-0.32627917971751086,7.864149815282767,0
15484.0,-0.12527510194432953,6.737487299945125,0
15485.0,-0.3852751019443296,3.680242226356353,0
15486.0,0.0,0.28025380614298184,0
15487.0,-0.10637550972164767,0.18463798929344316,0
15488.0,-0.22220081555463628,0.1415127147978939,0
15489.0,-0.10637550972164767,-0.42799460875507805,0
15490.0,-0.1160865197092371,0.5065704848323778,0
15491.0,-0.12055020388865906,-5.054994351652375e-19,0
15492.0,-0.09961467998345254,-4.0439954813219e-18,0
15493.0,-0.41605224277524966,2.642292986974556,0
15494.0,-0.20802612138762488,-1.010998870330475e-18,0
11400.0,0.007677783868254258,-4.977774642603826e-20,4
11401.0,-0.029569204210950613,-1.6849981172174587e-19,0
11402.0,-0.3452836988873058,3.099763904210216,0
11403.0,-0.2579895244658856,1.7455313231579235,0
11404.0,-0.2570443691933664,2.6451204816184,0
14071.0,-0.28731570721542066,0.6670282523123021,0
15498.0,-0.12527510194432953,0.21405824063176276,0
15500.0,-0.12527510194432953,-0.15480656061353887,0
15496.0,-0.004986111931918949,-2.02199774066095e-18,0
15497.0,-0.25094202470303173,-4.0439954813219e-18,0
15499.0,-0.46572897582885175,0.3743556047202731,0
15501.0,-0.20330122333195438,-0.018212536542769282,0
15502.0,-0.35692571361030667,0.12200964924235626,0
14073.0,-0.2263316697074998,0.6475884323335439,0
15504.0,-0.328576325276284,1.0540582406317627,0
15506.0,-0.31912652916494305,-2.02199774066095e-18,0
15507.0,-0.5981567283257491,-4.0439954813219e-18,0
15508.0,0.06848176821700847,-0.018212536542769282,0
14074.0,-0.38708911648771144,2.0521554540051787,0
15511.0,-0.13,-5.054994351652375e-19,0
15512.0,-0.12770285444122687,-0.09561581684953871,0
15515.0,-0.2505502038886591,-1.010998870330475e-18,0
11422.0,-0.17267852155388075,0.07811592032090016,0
15516.0,-0.21747591749896578,-1.010998870330475e-18,0
15517.0,-0.52,0.1343361307500697,0
15518.0,0.0,0.17728292645886323,0
15519.0,-0.2932048933278175,0.0,0
15520.0,0.022616275633827735,-4.0439954813219e-18,4
13476.0,-0.37384806874349363,0.0,0
13477.0,-0.07905720192970364,-0.03492537313432836,0
14076.0,-0.23902941059520288,-0.0113828353392308,0
15521.0,-0.12527510194432953,-0.10016895098523103,0
15522.0,0.0,-5.054994351652375e-19,0
13481.0,0.10272847496343201,-0.017146621202727835,0
14077.0,-0.3825631674915343,0.0,0
13483.0,-0.37582530583298873,3.1073678467830184,0
15523.0,-0.11110040777731811,0.25507597904708657,0
13485.0,-0.14003063985144248,0.6512867531434289,0
13486.0,-0.1782191592005513,9.279476026717724e-19,0
13478.0,-0.03792979138348801,-2.02199774066095e-18,0
13488.0,-0.033047166221245934,-1.9036573653794337e-18,0
15528.0,-0.13715265055256778,-0.555482364554463,0
13490.0,0.03612469198188642,-2.9866647855622957e-19,4
10305.0,-0.25157861460744874,-1.4376047219747017e-18,0
13489.0,-0.12297795638555643,-1.010998870330475e-18,0
13493.0,-0.284016311092725,-4.0439954813219e-18,0
13494.0,0.0,0.6874626865671641,0
13496.0,-0.09738296387347285,4.170881210575153,0
13497.0,-0.030777140830920174,-5.054994351652375e-19,0
13506.0,-0.26,1.182916706240989,0
13509.0,-0.17288083781581629,-0.15147557517590934,0
13516.0,-0.07438770825520445,4.639738013358862e-19,0
9423.0,-0.16368694563386826,1.7701855670142046,0
13520.0,-0.043333333333333335,0.6022487724798837,0
9425.0,0.009384663418062458,0.1795495843520014,0
9426.0,-0.2975098628013697,1.4387817430582464,0
9427.0,0.08838006035496503,0.37931747179512354,0
9428.0,0.12520237301098006,0.19764834449342786,4
9429.0,0.02504072772062099,6.409714660887014e-19,4
9430.0,-0.2789656979725854,2.285593410768808,0
9431.0,-0.1111925568573398,0.899764523993578,0
13528.0,-0.1342554323246419,0.30089552238805967,0
13534.0,-0.29154163134162286,2.31774288700098,0
15585.0,-0.12055020388865906,-0.036425073085538565,0
13541.0,-0.2686053196165862,2.371267121055945,0
15589.0,-0.26,1.4765099282432894,0
15592.0,0.0,-0.06829701203538477,0
15593.0,-0.39000000000000007,0.21160655302023612,0
15594.0,-0.3546285680515335,0.6905887255188671,0
15595.0,-0.25055020388865906,2.0860512927597856,0
13549.0,-0.21065938917371838,0.1760421293254742,0
15598.0,-0.0874759174989658,-1.010998870330475e-18,0
11511.0,0.028451285469909243,-1.010998870330475e-18,4
11512.0,0.0,1.071220053912449,0
10837.0,-0.1259790489317712,2.319869006679432e-19,0
11516.0,0.0,1.569253731343283,0
15616.0,-0.03550203888659063,-0.1457002923421542,0
15617.0,-0.11110040777731814,-1.010998870330475e-18,0
15620.0,-0.25527510194432956,-0.7831390713390791,0
13575.0,-0.3377276361130255,0.6874626865671641,0
13577.0,-0.1672679845644037,-1.010998870330475e-18,0
13579.0,-0.20644170765887257,1.7836443302442722,0
13580.0,-0.09295910393331598,0.0,0
13581.0,0.04312461177790687,-0.0214332765034098,0
13583.0,-0.13,0.26119402985074625,0
13584.0,-0.08979048931771191,0.9549253731343282,0
13585.0,-0.2599677463818057,1.8558952053435447e-18,0
13586.0,0.016622467263955887,0.2209499464005938,0
13587.0,-0.1876228807718815,-0.2832835820895523,0
13592.0,-0.17333333333333334,0.67624622083027,0
15641.0,-0.12055020388865906,0.295277663293746,0
13594.0,-0.032377431158530784,-3.925655106040383e-18,0
13595.0,0.0,0.3385074626865671,0
13598.0,-0.34292220159240483,-1.0607766167565131e-18,0
13599.0,-0.3488081601124055,2.0425116050891075,0
13600.0,-0.16644659224850772,1.478543227798931,0
13601.0,-0.1347423243156435,0.8122362165219688,0
13602.0,0.0036143349414197094,-0.027164179104477607,0
9507.0,-0.21249114030453253,2.9977763619980555,0
13604.0,-0.03884769124741559,-0.058208955223880594,0
9509.0,-0.43328469865208996,3.2309149750852657,0
13605.0,-0.26,0.29044776119402976,4
13606.0,-0.09607420368667252,2.319869006679431e-19,0
13608.0,-0.21576953824948314,0.6644776119402985,0
13609.0,-0.061643831840110276,2.319869006679432e-19,0
13607.0,-0.24741469132586613,1.936227193812401,0
15650.0,-0.19857632527628394,-1.010998870330475e-18,0
15651.0,-0.15605224277524968,-1.010998870330475e-18,0
15652.0,-0.05210448555049944,-1.010998870330475e-18,0
13614.0,0.0858891798759476,-0.10477611940298506,0
13615.0,0.025265609924190215,-0.07761194029850747,0
13616.0,-0.06097904893177121,0.3134091939558254,0
15656.0,0.0,0.36606287254641406,0
13619.0,-0.08066534915245596,0.31570498503298755,0
14105.0,-0.0870955978119302,2.7064498639635755,0
11577.0,-0.1329449945719064,0.1886096629188969,1
14107.0,0.3922279387180988,0.1984911831426477,4
14108.0,-0.10561604584527219,1.5193413516049008,0
11591.0,0.02908220554340759,-4.0439954813219e-18,4
14109.0,-0.20297893722415886,0.5334795590266209,0
11595.0,-0.1672335153574171,2.907251560034257,0
1356.0,-0.30411011183134073,1.504457533515929,0
1358.0,-0.13602571153191453,1.5439365554215165,0
14111.0,0.0,1.5645900495970237,0
11612.0,0.0,-5.054994351652375e-19,0
11613.0,-0.12556655379004952,1.1230351533996454,0
9574.0,-0.42117290031459526,4.468041022158437,0
11623.0,-0.00026121387624845454,-2.02199774066095e-18,0
14115.0,0.0025415272406676577,0.9797278856450429,0
14116.0,-0.18463141443084138,0.9721969026748903,0
11631.0,-0.3381567283257491,3.475974044101658,0
14117.0,-0.057912652916494306,-2.5274971758261876e-19,0
11640.0,0.0,-0.0910626827138464,0
11648.0,-0.2732407857244581,2.614700211670333,0
11652.0,-0.11793714679531356,-0.12417910447761192,0
11658.0,-0.22179675003885577,2.2553722378592114,0
9619.0,-0.2301969873822884,0.7654112230491008,0
9620.0,-0.21510439930518624,0.7986714221749994,0
9622.0,-0.35744579881915317,2.695295940146407,0
12089.0,0.14242157637364822,-3.925655106040383e-18,4
9624.0,0.08234712435783653,-0.04677062649777475,0
11675.0,-0.0053459488274891125,-1.4573281178549543e-18,0
12090.0,-0.2839217508773967,3.0497656085102585,0
9629.0,-0.4116967757547992,0.9754952733619565,0
14125.0,0.0,1.3522357408555483,0
14126.0,-0.16818442302682995,0.2951567155970641,0
9633.0,0.0,0.39887059226292365,0
9635.0,-0.2975181254307374,0.0,0
8835.0,-0.15867277588314646,0.32359026254623274,0
14127.0,-0.41482476686821884,0.1589388352920492,0
1446.0,-0.10656792262957955,3.65851066969436e-19,0
9639.0,-0.06335586700280889,6.18631735114515e-19,0
1448.0,0.1407372178506083,-0.01206983909619993,0
1447.0,0.2447259172080275,-1.9036573653794337e-18,4
1449.0,-0.09713345047548964,2.142861346340511,0
1451.0,-0.16985204078216598,4.07348921274766,0
9644.0,-0.10339932274029696,0.0,0
14128.0,-0.4545664571763311,3.971067438744926,0
1454.0,-0.44812662080873145,3.5474811151878223,0
9647.0,-0.19129243130672202,0.8589915775439647,0
9648.0,-0.18018844911320697,0.5286509382975013,0
9646.0,-0.2559790489317712,0.5516417910447761,0
14129.0,-0.11818775486082386,-0.05786984655920645,0
12095.0,-0.2835972909611879,0.8953045567265964,0
1462.0,0.05870613343062051,0.0,4
1463.0,-0.016627227489801343,2.5695392724025674,0
1464.0,0.05417433083937208,-0.04366598951185066,0
1465.0,-0.11216436601056103,-5.054994351652375e-19,0
1466.0,-0.27879845641954226,9.425018878821552e-20,0
1467.0,-0.3496218362837622,2.5640057726063152,0
1468.0,0.03366661472830212,1.184508247763637,0
11709.0,0.0,0.9945571140731556,0
14131.0,-0.13,-0.1500329355238686,0
14132.0,-0.0605665537900495,0.6672917105409267,0
1472.0,-0.17791635109489298,2.206754247420889,0
9666.0,-0.03598433874286935,-2.0426596499920158e-18,0
14133.0,-0.3572997035285821,0.3106151413331037,0
9668.0,-0.08926452152670686,0.7422123581243533,0
5572.0,-0.32048540368907347,2.0747880902944607,0
9669.0,-0.6322158314531762,2.5814869206057827,0
1477.0,0.17788133089060923,-4.0439954813219e-18,4
14134.0,-0.11369627507163327,0.0,0
9674.0,0.03127293595650056,-0.03502315584599996,0
8843.0,-0.4671464801794456,2.1204081250395843,0
14135.0,-0.38113310758009894,0.0,0
14136.0,-0.6557622141191837,4.549659328723237,0
9683.0,0.0,0.35175898664840805,0
14137.0,-0.4667986454805939,1.8083129528449662,0
9688.0,0.06392425243089749,1.0127504017900402e-18,4
9690.0,-0.0925055833244709,0.0,0
14138.0,-0.28202396457410794,-3.807314730758867e-18,0
9693.0,-0.06712954458156464,2.4582751281880095,0
14139.0,-0.29334217386315975,-1.010998870330475e-18,0
9700.0,0.03447300956306599,0.19309147475050611,0
14140.0,-0.3442103942906527,0.759615222891862,0
11760.0,-0.11093107502621628,-0.18818479424812606,0
9715.0,-0.2439092518723911,3.4611676377032308,0
9716.0,0.23263191246338863,-8.809295375742653e-19,4
10886.0,-0.14751674997341271,1.8440961999315304,0
9717.0,-0.31615530786090523,1.0215167431153227,0
14143.0,-0.4392259556264399,3.7582485459033848,0
1530.0,-0.124729608601633,0.9806863578650209,0
11774.0,-0.3891510233031604,3.748409404316627,0
11775.0,-0.27687120658425746,0.7869288440658615,0
11776.0,-0.22314690647939237,-0.6379923512314518,0
11777.0,-0.24871110564687018,1.4044693459108217,0
14145.0,-0.310197968220891,0.6841164198859724,0
11779.0,-0.17602877453949578,-5.054994351652375e-19,0
11780.0,0.041430260284128474,1.0545702882827026,0
11781.0,-0.3849172717675215,2.9011164759148795,0
14146.0,-0.13,0.36460322380657145,0
10890.0,-0.14901002265288585,-0.019402985074626865,0
11784.0,-0.12523276875655406,0.37057059813370047,0
9743.0,-0.2519580978635424,1.7771086596005483,0
9744.0,-0.2237242317468619,-1.3400213268122053e-18,0
9746.0,-0.20580316421500897,2.1605045147327915,0
11794.0,-0.17250471959454539,0.3536502445420569,0
11796.0,-0.04320599547689566,8.253611973577957e-19,0
9749.0,-0.2972064270675302,1.8093779935115344,0
11797.0,-0.20250367488650564,0.7155742742691104,0
9751.0,-0.3787608347790479,2.5916629046149033,0
11799.0,-0.07279322507864881,-0.21113415940033653,0
11802.0,0.01215665624591615,1.5758632934738154e-19,4
10894.0,-0.2442565461290086,0.5091703694776645,0
11804.0,0.021204435768350023,-0.012622150833715772,0
11805.0,-0.23196769701645376,0.0,0
11807.0,-0.1182530583298859,0.24838186719313562,0
11808.0,0.16473544179799288,4.807285995665259e-19,4
11809.0,-0.18464482549567218,-1.4933323927811478e-19,0
7716.0,-0.20370900741496908,0.3679705383335354,0
11813.0,0.2958341613322049,-5.054994351652375e-19,4
13862.0,0.004928767507564094,0.7857867545491127,0
11816.0,-0.06968573397656788,2.319869006679432e-19,0
11823.0,-0.5253505168849071,1.7238805970149251,0
9781.0,-0.30510912496912235,0.4269532673276064,4
9782.0,-0.13197506509617918,1.1813230851749523,0
9783.0,-0.0970744280072057,1.1035214890789582,0
1593.0,-0.23568503348079312,2.47762757583804,0
10900.0,-0.13,0.68955223880597,0
11835.0,-0.22220081555463628,1.145532100687194,0
1596.0,0.016562746590861908,0.132112281025092,0
1597.0,0.09776323013265832,-1.8005984576765388e-18,4
11836.0,-0.10694756950583026,-1.1254939717442291e-18,0
1599.0,0.03958810698198912,-8.809295375742653e-19,4
1600.0,-0.27505583324470917,0.0519859637110578,0
1601.0,0.15849863877792847,-0.018418167081070094,0
11310.0,-0.06398203415873767,0.6132499737880196,0
11849.0,-0.13,-0.28684745054861616,0
11850.0,-0.09662938129587847,1.5267688542144717,0
11857.0,0.15306910736253493,-1.9911098570415303e-19,4
13908.0,0.0,0.28760886897756177,0
11861.0,-0.16349717436250863,4.639738013358862e-19,0
11866.0,-0.2519580978635424,1.8253639846743288,0
11867.0,-0.14890607158205432,1.6604472573551161,0
13914.0,-0.46330122333195445,0.6693026664275212,4
11870.0,-0.10720103575852694,0.19364804073810105,0
13939.0,-0.25527510194432956,1.356377235278484,0
11892.0,-0.32265935662617595,-9.955549285207651e-20,0
11893.0,0.2415933077448411,0.16671967242700156,1
13940.0,0.9322646415696473,0.43234304010529384,4
11905.0,0.012143061425529893,0.43069794563075336,0
7810.0,-0.21423098834275428,1.2440893718761818,0
11906.0,-0.257616384378277,2.782681745015172,0
11909.0,-0.11574610565986082,0.0,0
1672.0,-0.03350158186335319,0.08510749843145707,0
11912.0,-0.07679864548059392,0.6991998605083696,0
7827.0,-0.2540892278298883,2.040074316623107,0
7829.0,0.08300037884367997,-1.5702620424161531e-18,4
7835.0,0.07502826778446404,-5.896672144525742e-19,4
7836.0,-0.15220533520165017,0.7673668912247852,0
1700.0,-0.03157715622673615,0.579221841834988,0
7845.0,-0.07237797661177534,0.0,0
7846.0,-0.11249858911509482,-0.015736198004977074,0
1719.0,-0.15076953824948308,0.5487000367756634,0
1720.0,0.4639232173421786,-2.6171034040269226e-18,4
11965.0,0.013302005566050355,-2.0426596499920158e-18,4
1726.0,-0.21313197915558862,3.511910304690175,0
11967.0,0.04055865261052689,-7.95582462567385e-19,4
14997.0,0.0,0.13805592467443709,0
11966.0,-0.2744359080432599,-4.0439954813219e-18,0
11970.0,-0.1265175251835139,0.0,0
11971.0,-0.06280554493024063,0.0,0
11974.0,-0.1711006601605451,0.5689835441251583,0
11987.0,-0.22938952806635254,-7.95582462567385e-19,0
14037.0,-0.7681297212815836,3.6750590264477974,0
14040.0,0.06845993547999278,0.0,4
14041.0,0.0,0.0,0
14042.0,-0.12556655379004952,0.0,0
14043.0,-0.2055388159853339,0.7476196378254313,0
14044.0,-0.03901306069381242,3.339012524344563,0
14045.0,0.08039613681447491,0.0,4
7902.0,-0.1422147187067957,1.159934503339716e-19,0
14046.0,0.0,1.6338360198388093,0
7904.0,0.16669306653716048,0.07240942510444917,4
14049.0,-0.09896587653034646,3.3968389646621193,0
7906.0,-0.3278484456574141,3.423470436330621,0
9955.0,0.01141467450419177,0.2796592791972506,0
7908.0,-0.416890354142295,0.04954878466278673,0
7909.0,-0.13471395111574513,1.2886426119393948,0
7910.0,-0.27095514341500626,1.1379642650513266,0
14051.0,-0.10783276895024746,0.0,0
14052.0,-0.20236519927064345,0.0,0
7913.0,-0.025853485440698237,0.42604223568663757,0
14055.0,0.0,-0.0214332765034098,0
7915.0,0.10205567938575631,-0.006001317420954743,0
14060.0,-0.059064860640791875,0.0,0
7917.0,0.019250047567107034,1.0975532009083084e-18,4
14053.0,-0.2023651992706434,3.4723540551572136,0
14054.0,0.16109654359567277,-2.02199774066095e-18,4
14056.0,-0.0764824537649247,-1.010998870330475e-18,0
12017.0,-0.1259790489317712,2.7849842706049963,0
14057.0,-0.28946079708257355,0.2076194571768316,0
14059.0,-0.2422662151601979,0.0,0
14061.0,-0.13,0.0,0
14062.0,-0.14009800327184296,-0.017146621202727835,0
14063.0,-0.36783276895024747,1.0266313535761844,0
12023.0,0.0,-0.18359492121768398,0
14064.0,-0.24669966137014848,1.744537352758834,0
7929.0,-0.11152564742547125,0.5268950688338357,0
14065.0,-0.46344694925481433,0.6383477423838243,1
14066.0,-0.3740457604965932,-0.030006587104773712,0
7932.0,-0.34011823609143993,0.7983626454571817,0
14068.0,-0.29528104478099726,-2.4091568005446703e-18,0
14069.0,-0.33207374742492357,-5.054994351652375e-19,0
14070.0,-0.45936181297212825,-3.807314730758867e-18,0
14080.0,-0.2555665537900495,-0.21433276503409793,0
14072.0,-0.28186217954545034,0.3988115401465751,1
14082.0,-0.28824176656306044,-2.02199774066095e-18,0
9987.0,-0.17130216184717342,-0.08859087621409381,0
14075.0,-0.22009898411044546,-0.03429324240545567,0
1797.0,-0.16115069605850857,-1.3400213268122053e-18,0
14086.0,-0.12556655379004952,0.0,0
14078.0,-0.12388560563200711,1.406340989875207,0
14079.0,0.24070263674892484,0.968231654798184,0
1793.0,0.08621007997169665,0.04772812344716547,4
14081.0,-0.5657645220109404,2.0189202772833625,0
14083.0,-0.23754131710452753,0.6674933978677955,0
14084.0,-0.12556655379004952,2.1529963577185365,0
14085.0,-0.40225305785266713,-1.010998870330475e-18,0
14087.0,-0.4062320916905445,0.9934142359192147,0
1807.0,0.006285212378815642,-1.194665914224918e-19,4
14088.0,-0.5502646948796069,0.8178243342123889,4
14089.0,-0.2539932274029696,0.0,0
14091.0,-0.456358426673613,0.0,0
14092.0,-0.21566553790049495,0.19610469621822696,0
1812.0,-0.40032463347018304,1.8266866603015086,0
14093.0,-0.532917324118967,-0.031871938949846246,0
14094.0,-0.3446343162291081,-0.17703131104755893,0
14095.0,-0.3256878306385531,2.304474762495761,0
14096.0,-0.49039593644178175,-0.16289290142591442,0
14097.0,-0.7991638447512374,0.1517350541364521,0
1818.0,-0.34232768756554066,2.1295077252562344,0
14098.0,-0.26,0.286124457532548,4
14099.0,-0.26,0.0,0
14100.0,-0.6028904155973951,1.0859042529599754,0
14101.0,-0.3916160056049505,-0.0214332765034098,0
14102.0,0.07408159176067487,1.19689752165755,0
14103.0,-0.014730398541286807,0.0,0
14104.0,-0.22100417390968083,1.1703577708921198,0
1826.0,-0.16621365568408017,-2.9678435481293453e-18,0
14106.0,-0.05019796822089085,0.8053770148791072,0
1828.0,-0.24267525307356136,4.406070692952801,0
1829.0,-0.07646265218589006,0.0,0
1830.0,-0.11974245322108441,1.3761237292662463,0
14110.0,0.03904302001723204,0.0,4
1832.0,0.2546303954993758,0.619211103399479,0
14112.0,-0.1409551242055096,3.265164804864558,0
14113.0,0.0,0.41948413928497613,0
14114.0,-0.23034634825005948,4.158718944956031,0
1836.0,0.22058802933918015,0.0,4
1837.0,-0.06559875849807832,-1.2691049102529558e-18,0
14118.0,-0.4080721300533952,0.0,0
14119.0,-0.276160458452722,0.0,0
14120.0,-0.22602052381107135,1.9669869536987588,0
14122.0,-0.12763755097216473,0.08345198862003685,0
14130.0,-0.08852565772336549,0.0,0
14123.0,-0.11669966137014848,0.8094580423368449,0
1844.0,-0.06107421363705757,2.9284680533056906,0
14124.0,0.08937889910491478,0.09260356263500832,4
12086.0,-0.15975674905496384,0.3040543778512984,0
12087.0,-0.35060268734280653,3.5140222405869768,0
12088.0,-0.2549474242137717,5.531691938072833e-19,0
1849.0,-0.2353423280935117,2.775596146123949,0
1850.0,-0.274241471083176,1.02637019498716,0
1851.0,0.17150012815691926,0.36569376507037643,0
1852.0,-0.12026650328414673,-7.95582462567385e-19,0
12091.0,-0.013010437079831887,0.08794370506348481,0
1854.0,0.006478191010026963,0.42748554564131364,0
1855.0,0.047233894276547436,5.502407982385305e-19,4
12092.0,-0.04522591698712431,1.6369187181090208,0
12094.0,0.09995823693605431,-6.94661156218049e-19,4
1858.0,-0.22165382917643425,1.8637931557850393,0
12096.0,-0.3422883181750998,2.0731434290226773,0
1860.0,0.1433223844743188,-0.007729060073513533,0
12093.0,-0.3626813689662842,0.0,0
14141.0,-0.09896587653034646,-0.1457462802231866,0
14142.0,-0.3534119969792358,-2.02199774066095e-18,0
14144.0,-0.28059390466267264,-0.09001976131432111,0
14150.0,-0.1357202396457411,0.754585619924533,0
14151.0,-0.3116280281323262,0.0,0
14147.0,-0.18461266050119463,0.058461303069460985,0
1862.0,-0.038208537438768356,1.1416337644656231,0
14157.0,-0.36401306069381245,3.1643506931469956,0
14159.0,-0.4357645220109403,2.4183470241785483,0
14160.0,0.044587532811028514,0.0,4
14161.0,-0.23926282886168268,-0.07287314011159332,0
14162.0,-0.09187852944684076,0.7514902846990101,0
14163.0,-0.06349830685074237,0.7271230878635037,0
1876.0,-0.2429794470596715,2.142372137074844,0
14164.0,0.0,-0.11145303781773094,0
14165.0,-0.285712722063961,2.9233135638681778,0
14167.0,-0.29072907196535136,0.4319810672039184,4
14168.0,-0.5716280281323262,4.063282288129083,0
14169.0,-0.2672935660328211,2.1506881587104765,0
14172.0,-0.24669966137014848,0.5307013329200245,0
14173.0,-0.21123209169054438,0.0,0
14174.0,-0.26,-3.807314730758867e-18,0
1887.0,0.2736477820206428,-2.016014865439629e-18,4
14175.0,-0.1794557389480087,1.3446733283255476,0
14176.0,-0.13,0.6299538902665838,0
14177.0,-0.1357202396457412,2.1714619497830125,0
14179.0,-0.15914332141738488,0.49745299902150886,0
14180.0,-0.13729356603282108,0.9160783477991319,0
14181.0,0.0,0.6853506664600124,0
14182.0,-0.522757308494515,-3.925655106040383e-18,0
14183.0,0.0,-0.18861283323000622,0
14186.0,0.008778928807582104,1.089489156089231,0
1899.0,0.0,0.28351797329681616,0
1902.0,-0.15970475999399225,1.258003324127297,0
1903.0,-0.16626395831117727,-0.06789284491612461,0
14190.0,-0.4099849771517639,1.5587978472796427,0
1905.0,-0.06719592681879166,1.62168551079843,0
14192.0,0.08465227048567649,-2.02199774066095e-18,4
14193.0,-0.13,-0.3300724581525109,0
14194.0,-0.10783276895024747,-0.06858648481091134,0
12164.0,-0.5815542816618404,1.057271346672235,0
8106.0,-0.40888845576169913,2.880803185768761,0
8107.0,0.057980898313813194,1.1265948796714504,0
14254.0,-0.026052242775249704,-5.054994351652375e-19,0
14260.0,-0.13,-0.0728731401115933,0
14261.0,-0.05019796822089085,0.0,0
14264.0,-0.13,0.21226208927464346,0
14270.0,-0.12113310758009899,0.0,0
14271.0,-0.05606147434227665,0.0,0
14274.0,0.0,1.0507986430296936,0
14275.0,-0.11812972128158378,-0.017146621202727835,0
14288.0,-0.22009898411044546,0.0,0
14289.0,0.0,1.9591998605083687,0
14290.0,-0.10783276895024747,0.0,0
14292.0,-0.09453243032039593,1.1930622287662735,0
14293.0,0.0,-0.08144645071295725,0
14294.0,0.05652373414551064,0.0,4
14295.0,-0.11669966137014846,-0.03429324240545567,0
14296.0,-0.10783276895024746,0.0,0
14297.0,-0.11669966137014846,-0.2443393521388717,0
12253.0,-0.05372430010486509,0.0,0
14301.0,-0.11226621516019795,0.0,0
10213.0,0.043035416400944076,0.03337872587465399,1
10214.0,0.04892473440077599,-1.194665914224918e-19,4
10218.0,0.0072564278235858525,0.45948510039798,0
10219.0,-0.07802612138762484,-5.054994351652375e-19,0
10220.0,-0.13852317961626642,0.1608700851485635,4
10222.0,-0.10139661253932439,0.0,0
8175.0,-0.39065424056900216,3.7748307799849035,0
10223.0,0.025142579041082073,-1.962827553020192e-18,4
10225.0,-0.24448293826517323,2.0109993521331773,0
10226.0,-0.11142844444878218,0.39236596826917636,0
14331.0,-0.3285763252762839,0.0,0
10228.0,-0.32141134704243246,2.45580421867111,0
8181.0,-0.17738215202978624,1.5640262159762068,0
8182.0,-0.2972158885097191,2.210842023705729,0
8183.0,-0.25129224684733,1.4261410681585625,0
10229.0,0.031987034859703216,0.0,4
14325.0,-0.35462856805153364,3.1380728265046116,0
8186.0,-0.031419425960750695,-0.07802784151751568,0
8187.0,-0.23500372221631388,0.507307170439343,0
10236.0,-0.1515867868055279,-5.054994351652375e-19,0
14333.0,-0.23650611665977184,0.0,0
10238.0,-0.1523583041844751,1.9689914321643218,0
